Source File	Size	loadResources	load-configure	scan	loadDepInfo	loadInfo	load	generateSnapshots	checkR4R4B	generateNarratives	validate	loadLists	checkConformanceResources	checkConformanceResources2	checkConformanceResources3	generateLogicalMaps	validateExpressions	scanForUsageStats	checkURLsUnique	processProvenanceDetails	generate1	generate2	responsesForQuestionnaire	generateLogicals	makeDependencies	generateExampleZip	generateValidationPack	scanProfilesForR5	scanExamplesForR5
/fsh-generated/resources/ImplementationGuide-hl7.eu.fhir.gh.json	152122	-	0	0	0	0	0	0	37	49	0	0	0	0	0	0	0	6	0	0	565	627	0	0	0	0	24	0	2
fsh-generated/resources/AdministrableProductDefinition-ap-04c9bd6fb89d38b2d83eced2460c4dc1.json	1583	5	1	0	0	1	0	0	1	241	0	0	0	0	0	0	0	0	0	0	15	12	0	0	0	0	0	0	0
fsh-generated/resources/AdministrableProductDefinition-ap-08ac066220d4d68a3933a9c94bef32ff.json	1534	2	0	0	0	0	0	0	0	33	0	0	0	0	0	0	0	0	0	0	15	9	0	0	0	0	0	0	0
fsh-generated/resources/AdministrableProductDefinition-ap-1a7318638ddbbeb084ef416e717b6fdb.json	1548	3	0	0	0	0	0	0	0	38	0	0	0	0	0	0	0	0	0	0	14	9	0	0	0	0	0	0	0
fsh-generated/resources/AdministrableProductDefinition-ap-29436a85dac3ea374adb3fa64cfd2578.json	1547	3	0	0	0	0	0	0	0	26	0	0	0	0	0	0	0	0	0	0	18	9	0	0	0	1	0	0	1
fsh-generated/resources/AdministrableProductDefinition-ap-2f37d696067eeb6daf1111cfc3272672.json	1547	3	0	0	0	0	0	0	0	13	0	0	0	0	0	0	0	0	0	0	12	12	0	0	0	0	0	0	0
fsh-generated/resources/AdministrableProductDefinition-ap-49178f16170ee8a6bc2a4361c1748d5f.json	1538	3	0	0	0	0	0	0	1	11	0	0	0	0	0	0	0	0	0	0	12	10	0	0	0	0	0	0	0
fsh-generated/resources/AdministrableProductDefinition-ap-4fab126d28f65a1084e7b50a23200363.json	1561	4	1	0	0	0	0	0	0	15	0	0	0	0	0	0	0	0	0	0	12	8	0	0	0	0	0	0	0
fsh-generated/resources/AdministrableProductDefinition-ap-5af3df1132d20d744a88dab06e924e5e.json	1555	3	0	0	0	0	0	0	0	10	0	0	0	0	0	0	0	0	0	0	12	9	0	0	0	0	0	0	0
fsh-generated/resources/AdministrableProductDefinition-ap-635d47ee543a5a9e15fcd321ee5fe6bb.json	1540	3	0	0	0	0	0	0	0	11	0	0	0	0	0	0	0	0	0	0	15	9	0	0	0	0	0	0	0
fsh-generated/resources/AdministrableProductDefinition-ap-660952efa1b907b97e182807063ac261.json	1537	3	0	0	0	0	0	0	0	12	0	0	0	0	0	0	0	0	0	0	16	8	0	0	0	0	0	0	0
fsh-generated/resources/AdministrableProductDefinition-ap-6a3c9768548036f502739419bacb2482.json	1534	2	0	0	0	0	0	0	0	10	0	0	0	0	0	0	0	0	0	0	12	8	0	0	0	0	0	0	0
fsh-generated/resources/AdministrableProductDefinition-ap-7f657b63823319aa7da7d2c5939e39e5.json	1567	2	0	0	0	0	0	0	0	9	0	0	0	0	0	0	0	0	0	0	12	8	0	0	0	0	0	0	0
fsh-generated/resources/AdministrableProductDefinition-ap-865e1b5617e6fb0d453cc2f7cf87d441.json	1534	4	0	0	0	0	0	0	0	12	0	0	0	0	0	0	0	0	0	0	11	9	0	0	0	0	0	0	0
fsh-generated/resources/AdministrableProductDefinition-ap-925dad38f0afbba36223a82b3a766438.json	1547	3	0	0	0	0	0	0	0	12	0	0	0	0	0	0	0	0	0	0	12	8	0	0	0	0	0	0	0
fsh-generated/resources/AdministrableProductDefinition-ap-94a96e39cfdcd8b378d12dd4063065f9.json	1548	1	1	0	0	0	0	0	1	10	0	0	0	0	0	0	0	0	0	0	14	7	0	0	0	0	0	0	0
fsh-generated/resources/AdministrableProductDefinition-ap-9b5b17469311c2ea4d1d08419748b4fb.json	1560	2	0	0	0	0	0	0	0	8	0	0	0	0	0	0	0	0	0	0	14	8	0	0	0	0	0	0	0
fsh-generated/resources/AdministrableProductDefinition-ap-a38f06714db0c27b2ba704652e3f08c5.json	1565	2	0	0	0	0	0	0	0	8	0	0	0	0	0	0	0	0	0	0	18	8	0	0	0	0	0	0	0
fsh-generated/resources/AdministrableProductDefinition-ap-af1953635c28668e0d454e0740fcb36f.json	1534	2	0	0	0	0	0	0	0	8	0	0	0	0	0	0	0	0	0	0	12	8	0	0	0	0	0	0	0
fsh-generated/resources/AdministrableProductDefinition-ap-b5a6ac2496348cb06663deb81c55cb37.json	1560	2	0	0	0	0	0	0	0	7	0	0	0	0	0	0	0	0	0	0	16	8	0	0	0	0	0	0	0
fsh-generated/resources/AdministrableProductDefinition-ap-da0fc2395ce219262dfd4f0c9a9f72e1.json	1534	3	0	0	0	0	0	0	0	9	0	0	0	0	0	0	0	0	0	0	16	8	0	0	0	0	0	0	0
fsh-generated/resources/AdministrableProductDefinition-ap-dcaa4d32aa6658a8df831551503e52ee.json	1547	2	0	0	0	0	0	0	0	7	0	0	0	0	0	0	0	0	0	0	16	8	0	0	0	0	0	0	0
fsh-generated/resources/AdministrableProductDefinition-ap-e0d9ad275c19f6e91c9365529421d5a8.json	1554	2	0	0	0	0	0	0	0	11	0	0	0	0	0	0	0	0	0	0	17	8	0	0	0	0	0	0	0
fsh-generated/resources/AdministrableProductDefinition-ap-e2464a7d3d627b9df9bef5bc3b263fb4.json	1541	1	1	0	0	0	0	0	0	8	0	0	0	0	0	0	0	0	0	0	16	8	0	0	0	0	0	0	0
fsh-generated/resources/AdministrableProductDefinition-ap-e3e5e78d4e002ed9e15b925cd546e20b.json	1594	2	0	0	0	0	0	0	1	8	0	0	0	0	0	0	0	0	0	0	20	7	0	0	0	0	0	0	0
fsh-generated/resources/AdministrableProductDefinition-ap-e762a2f54b0b24fca4744b1bb7524a5b.json	1549	3	0	0	0	0	0	0	0	9	0	0	0	0	0	0	0	0	0	0	24	8	0	0	0	0	0	0	0
fsh-generated/resources/Bundle-Processedbundlekarvea.json	83292	33	0	0	0	0	0	0	2	370	0	0	0	0	0	0	0	0	0	0	306	173	0	0	0	0	0	0	1
fsh-generated/resources/Bundle-bundle-processed-pt-2d49ae46735143c1323423b7aea24165.json	84625	19	0	0	0	0	0	0	4	189	0	0	0	0	0	0	0	1	0	0	306	139	0	0	0	0	0	0	0
fsh-generated/resources/Bundle-bundlepackageleaflet-en-08ac066220d4d68a3933a9c94bef32ff.json	46225	11	1	0	0	0	0	0	1	80	0	0	0	0	0	0	0	0	0	0	160	60	0	0	0	0	0	0	0
fsh-generated/resources/Bundle-bundlepackageleaflet-en-1a7318638ddbbeb084ef416e717b6fdb.json	47325	10	0	0	0	0	0	0	1	159	0	0	0	0	0	0	0	0	0	0	159	58	0	0	0	0	0	0	0
fsh-generated/resources/Bundle-bundlepackageleaflet-en-5af3df1132d20d744a88dab06e924e5e.json	28529	36	0	0	0	0	0	0	1	91	0	0	0	0	0	0	0	0	0	0	98	39	0	0	0	0	0	0	0
fsh-generated/resources/Bundle-bundlepackageleaflet-en-635d47ee543a5a9e15fcd321ee5fe6bb.json	55982	11	0	0	0	0	0	0	3	221	0	0	0	0	0	0	0	1	0	0	206	87	0	0	0	0	0	0	1
fsh-generated/resources/Bundle-bundlepackageleaflet-en-660952efa1b907b97e182807063ac261.json	30158	7	0	0	0	0	0	0	1	72	0	0	0	0	0	0	0	0	0	0	104	45	0	0	0	0	0	0	0
fsh-generated/resources/Bundle-bundlepackageleaflet-en-6a3c9768548036f502739419bacb2482.json	46323	9	0	0	0	0	0	0	1	98	0	0	0	0	0	0	0	0	0	0	148	47	0	0	0	0	0	0	0
fsh-generated/resources/Bundle-bundlepackageleaflet-en-7f657b63823319aa7da7d2c5939e39e5.json	31830	7	0	0	0	0	0	0	1	101	0	0	0	0	0	0	0	0	0	0	109	50	0	0	0	0	0	0	0
fsh-generated/resources/Bundle-bundlepackageleaflet-en-9b5b17469311c2ea4d1d08419748b4fb.json	60536	10	1	0	0	0	0	0	2	143	0	0	0	0	0	0	0	1	0	0	202	116	0	0	0	0	0	0	0
fsh-generated/resources/Bundle-bundlepackageleaflet-en-a38f06714db0c27b2ba704652e3f08c5.json	58412	10	0	0	0	0	0	0	1	255	0	0	0	0	0	0	0	0	0	0	202	85	0	0	0	0	0	0	0
fsh-generated/resources/Bundle-bundlepackageleaflet-en-dcaa4d32aa6658a8df831551503e52ee.json	74175	11	0	0	0	0	0	0	2	162	0	0	0	0	0	0	0	0	0	0	267	161	0	0	0	0	0	0	1
fsh-generated/resources/Bundle-bundlepackageleaflet-en-e0d9ad275c19f6e91c9365529421d5a8.json	32123	7	0	0	0	0	0	0	1	60	0	0	0	0	0	0	0	1	0	0	112	65	0	0	0	0	0	0	0
fsh-generated/resources/Bundle-bundlepackageleaflet-en-e2464a7d3d627b9df9bef5bc3b263fb4.json	74563	14	0	0	0	0	0	0	3	194	0	0	0	0	0	0	0	0	0	0	261	122	0	0	0	0	0	0	0
fsh-generated/resources/Bundle-bundlepackageleaflet-en-e3e5e78d4e002ed9e15b925cd546e20b.json	68288	13	0	0	0	0	0	0	1	98	0	0	0	0	0	0	0	0	0	0	211	71	0	0	0	0	0	0	0
fsh-generated/resources/Bundle-bundlepackageleaflet-es-04c9bd6fb89d38b2d83eced2460c4dc1.json	61328	13	1	0	0	0	0	0	1	228	0	0	0	0	0	0	0	1	0	0	220	95	0	0	0	0	0	0	0
fsh-generated/resources/Bundle-bundlepackageleaflet-es-29436a85dac3ea374adb3fa64cfd2578.json	49808	9	0	0	0	0	0	0	2	74	0	0	0	0	0	0	0	0	0	0	160	62	0	0	0	0	0	0	1
fsh-generated/resources/Bundle-bundlepackageleaflet-es-2f37d696067eeb6daf1111cfc3272672.json	61302	11	0	0	0	0	0	0	1	102	0	0	0	0	0	0	0	0	0	0	182	52	0	0	0	0	0	0	0
fsh-generated/resources/Bundle-bundlepackageleaflet-es-49178f16170ee8a6bc2a4361c1748d5f.json	47834	9	0	0	0	0	0	0	1	89	0	0	0	0	0	0	0	0	0	0	200	72	0	0	0	0	0	0	0
fsh-generated/resources/Bundle-bundlepackageleaflet-es-4fab126d28f65a1084e7b50a23200363.json	48533	9	0	0	0	0	0	0	2	106	0	0	0	0	0	0	0	1	0	0	165	54	0	0	0	0	0	0	0
fsh-generated/resources/Bundle-bundlepackageleaflet-es-865e1b5617e6fb0d453cc2f7cf87d441.json	29196	7	0	0	0	0	0	0	1	45	0	0	0	0	0	0	0	0	0	0	97	41	0	0	0	0	0	0	0
fsh-generated/resources/Bundle-bundlepackageleaflet-es-925dad38f0afbba36223a82b3a766438.json	58935	9	0	0	0	0	0	0	1	98	0	0	0	0	0	0	0	0	0	0	211	94	0	0	0	0	0	0	0
fsh-generated/resources/Bundle-bundlepackageleaflet-es-94a96e39cfdcd8b378d12dd4063065f9.json	69846	12	1	0	0	0	0	0	2	77	0	0	0	0	0	0	0	0	0	0	221	98	0	0	0	0	0	0	1
fsh-generated/resources/Bundle-bundlepackageleaflet-es-af1953635c28668e0d454e0740fcb36f.json	30733	9	0	0	0	0	0	0	1	47	0	0	0	0	0	0	0	1	0	0	104	41	0	0	0	0	0	0	0
fsh-generated/resources/Bundle-bundlepackageleaflet-es-b5a6ac2496348cb06663deb81c55cb37.json	27563	6	2	0	0	0	0	0	1	42	0	0	0	0	0	0	0	0	0	0	91	35	0	0	0	0	0	0	0
fsh-generated/resources/Bundle-bundlepackageleaflet-es-da0fc2395ce219262dfd4f0c9a9f72e1.json	43191	8	0	0	0	0	0	0	1	68	0	0	0	0	0	0	0	0	0	0	148	60	0	0	0	0	0	0	0
fsh-generated/resources/Bundle-bundlepackageleaflet-es-dcaa4d32aa6658a8df831551503e52ee.json	91018	14	0	0	0	0	0	0	2	128	0	0	0	0	0	0	0	0	0	0	307	95	0	0	0	0	0	0	0
fsh-generated/resources/Bundle-bundlepackageleaflet-es-e762a2f54b0b24fca4744b1bb7524a5b.json	58214	11	0	0	0	0	0	0	1	66	0	0	0	0	0	0	0	1	0	0	185	38	0	0	0	0	0	0	0
fsh-generated/resources/Bundle-bundleprocessed-es-b44cce291e466626afa836fffe72c350.json	78120	12	0	0	0	0	0	0	2	97	0	0	0	0	0	0	0	0	0	0	249	54	0	0	0	0	0	0	1
fsh-generated/resources/Bundle-bundleprocessed-pt-b44cce291e466626afa836fffe72c350.json	69078	12	1	0	0	0	0	0	1	91	0	0	0	0	0	0	0	0	0	0	225	48	0	0	0	0	0	0	0
fsh-generated/resources/Bundle-pedro-dimension-collection.json	5921	4	0	0	0	0	0	0	0	26	0	0	0	0	0	0	0	0	0	0	32	12	0	0	0	0	0	0	0
fsh-generated/resources/Bundle-persona-dimension-collection.json	3120	2	0	0	0	0	0	0	0	11	0	0	0	0	0	0	0	0	0	0	19	8	0	0	0	0	0	0	0
fsh-generated/resources/Bundle-processedbundledovato-es.json	63231	11	0	0	0	0	0	0	2	111	0	0	0	0	0	0	0	1	0	0	206	72	0	0	0	0	0	0	0
fsh-generated/resources/Bundle-processedbundleflucelvaxES.json	61968	10	1	0	0	0	0	0	1	95	0	0	0	0	0	0	0	0	0	0	222	64	0	0	0	0	0	0	0
fsh-generated/resources/Bundle-processedbundlehypericum.json	50731	10	0	0	0	0	0	0	1	64	0	0	0	0	0	0	0	0	0	0	164	34	0	0	0	0	0	0	1
fsh-generated/resources/Bundle-processedbundlekarveabik.json	66340	11	1	0	0	0	0	0	1	90	0	0	0	0	0	0	0	0	0	0	220	59	0	0	0	0	0	0	0
fsh-generated/resources/Bundle-processedbundlekarveacalcium.json	61348	10	0	0	0	0	0	0	2	98	0	0	0	0	0	0	0	1	0	0	220	63	0	0	0	0	0	0	0
fsh-generated/resources/CapabilityStatement-capabilityStatement.json	3175	4	0	0	0	0	0	0	0	7	0	0	0	0	0	0	0	0	0	0	35	33	0	0	1	0	1	0	0
fsh-generated/resources/ClinicalUseDefinition-83f4a22f-9e5e-4941-9fdb-339a0f1f2055.json	832	2	1	0	0	0	0	0	0	4	0	0	0	0	0	0	0	0	0	0	9	7	0	0	0	0	0	0	0
fsh-generated/resources/ClinicalUseDefinition-cud-42659cd40ce761bcf6d15bd28423e45f.json	813	2	0	0	0	0	0	0	0	4	0	0	0	0	0	0	0	0	0	0	9	4	0	0	0	0	0	0	0
fsh-generated/resources/ClinicalUseDefinition-cud-4fce9d5258f70f7d605059f97c24efa8.json	708	2	0	0	0	0	0	0	0	4	0	0	0	0	0	0	0	0	0	0	7	3	0	0	0	0	0	0	0
fsh-generated/resources/ClinicalUseDefinition-cud-585e364c14debe29f6c6b564138aa400.json	668	1	0	0	0	0	0	0	0	6	0	0	0	0	0	0	0	0	0	0	8	4	0	0	0	0	0	0	0
fsh-generated/resources/ClinicalUseDefinition-cud-7b1263be67675b61a6b6e6f0a5c35389.json	856	2	0	0	0	0	0	0	0	6	0	0	0	0	0	0	0	0	0	0	10	7	0	0	0	0	0	0	0
fsh-generated/resources/ClinicalUseDefinition-cud-a40c2367ed3c1c715eacd432105752a0.json	691	2	0	0	0	0	0	0	0	5	0	0	0	0	0	0	0	0	0	0	7	5	0	0	0	0	0	0	0
fsh-generated/resources/ClinicalUseDefinition-cud-d79af6e660f456c6c7091803d6bd1a92.json	814	1	0	0	0	0	0	0	0	6	0	0	0	0	0	0	0	0	0	0	9	4	0	0	0	0	0	0	0
fsh-generated/resources/CodeSystem-epicategory-cs.json	626	2	0	0	0	0	0	0	0	6	0	0	0	0	0	0	0	0	0	0	10	1252	0	0	0	0	0	0	0
fsh-generated/resources/CodeSystem-icpc-2-cs.json	2899	2	0	0	0	0	0	0	1	5	0	0	0	0	0	0	0	0	0	0	22	88	0	0	0	0	0	0	0
fsh-generated/resources/CodeSystem-pd-category-cs.json	368	2	1	0	0	0	0	0	0	2	0	0	0	0	0	0	0	0	0	0	8	40	0	0	0	0	0	0	0
fsh-generated/resources/CodeSystem-pd-type-cs.json	933	2	0	0	0	0	0	0	0	2	0	0	0	0	0	0	0	0	0	0	12	46	0	0	0	0	1	0	0
fsh-generated/resources/CodeSystem-questi-dimens-cs.json	1837	2	0	0	0	0	0	0	0	4	0	0	0	0	0	0	0	0	0	0	17	44	0	0	0	0	0	0	0
fsh-generated/resources/Composition-composition-en-01eaaf0a81574efda98a52449788e7a2.json	8005	5	0	0	0	0	0	0	0	12	0	0	0	0	0	0	0	0	0	0	21	9	0	0	0	0	0	0	0
fsh-generated/resources/Composition-composition-en-245a2b4a9e3ee4304e5e6cf2b1a252b4.json	7987	4	0	0	0	0	0	0	0	7	0	0	0	0	0	0	0	0	0	0	21	6	0	0	0	0	0	0	0
fsh-generated/resources/Composition-composition-en-25bbfa948f4a0b224f9baa1fe481efa8.json	8131	5	0	0	0	0	0	0	1	8	0	0	0	0	0	0	0	0	0	0	21	6	0	0	0	0	0	0	0
fsh-generated/resources/Composition-composition-en-284ddecbce6fb138483090d5e55bafac.json	23591	6	0	0	0	0	0	0	0	11	0	0	0	0	0	0	0	0	0	0	61	7	0	0	0	0	0	0	0
fsh-generated/resources/Composition-composition-en-367b9089c0743a2330f4c6e82b40ee41.json	26927	7	1	0	0	0	0	0	0	11	0	0	0	0	0	0	0	0	0	0	69	9	0	0	0	0	0	0	0
fsh-generated/resources/Composition-composition-en-45f3604d61f93f5f026bea5d5824af10-proc.json	23643	6	0	0	0	0	0	0	0	8	0	0	0	0	0	0	0	0	0	0	63	10	0	0	0	0	0	0	1
fsh-generated/resources/Composition-composition-en-822aeee7cf35efce0583ec39919328fb.json	15538	5	0	0	0	0	0	0	1	8	0	0	0	0	0	0	0	0	0	0	42	6	0	0	0	0	0	0	0
fsh-generated/resources/Composition-composition-en-873a1a47330e628770640f9c96c0761e.json	21563	8	0	0	0	0	0	0	0	5	0	0	0	0	0	0	0	0	0	0	58	7	0	0	0	0	0	0	0
fsh-generated/resources/Composition-composition-en-aae8d931abe2f2d9085b87555b9bb088.json	7758	5	0	0	1	0	0	0	0	6	0	0	0	0	0	0	0	1	0	0	22	5	0	0	0	0	0	0	0
fsh-generated/resources/Composition-composition-en-be76bdf784deea6950583b234f789db2.json	40861	42	1	0	0	0	0	0	0	6	0	0	0	0	0	0	0	0	0	0	107	8	0	0	0	0	0	0	0
fsh-generated/resources/Composition-composition-en-d33868162d255ced115cecbbf188aab4.json	23703	13	0	0	0	0	0	0	1	6	0	0	0	0	0	0	0	0	0	0	65	7	0	0	0	0	0	0	0
fsh-generated/resources/Composition-composition-en-f97db27e6330f77484eb8425ad2913cd.json	29337	14	0	0	0	0	0	0	0	7	0	0	0	0	0	0	0	0	0	0	76	7	0	0	0	0	0	0	0
fsh-generated/resources/Composition-composition-es-1453e0f16ff6c1d3106ed737a7857578.json	15985	10	0	0	0	0	0	0	0	6	0	0	0	0	0	0	0	0	0	0	42	6	0	0	0	0	0	0	0
fsh-generated/resources/Composition-composition-es-16598f252d07b4784b82ba43cf9e847e.json	15263	11	0	0	0	0	0	0	0	8	0	0	0	0	0	0	0	0	0	0	41	6	0	0	0	0	0	0	0
fsh-generated/resources/Composition-composition-es-2a9c4333cfd126f2e7b73ad3cafd6949.json	37097	15	0	0	0	0	0	0	1	7	0	0	0	0	0	0	0	0	0	0	103	9	0	0	0	0	0	0	0
fsh-generated/resources/Composition-composition-es-3b8585822d27945de47423af5de9824d.json	10345	9	0	0	0	0	0	0	0	6	0	0	0	0	0	0	0	0	0	0	31	6	0	0	0	0	0	0	0
fsh-generated/resources/Composition-composition-es-5aea2ea50d47a8b479a61aec209c957f.json	10592	9	1	0	0	0	0	0	0	5	0	0	0	0	0	0	0	0	0	0	31	6	0	0	0	0	0	0	0
fsh-generated/resources/Composition-composition-es-7a7ff0f4e1993c2fdabba6c8d9931a52.json	31100	14	0	0	0	0	0	0	0	6	0	0	0	0	0	0	0	0	0	0	80	8	0	0	0	0	0	0	0
fsh-generated/resources/Composition-composition-es-873a1a47330e628770640f9c96c0761e.json	38403	23	0	0	0	0	0	0	0	6	0	0	0	0	0	0	0	0	0	0	97	7	0	0	0	0	0	0	0
fsh-generated/resources/Composition-composition-es-96d7b1b575aa8164c8c2b4cbe70f252a.json	10448	9	0	0	0	0	0	0	1	6	0	0	0	0	0	0	0	0	0	0	30	6	0	0	0	0	0	0	0
fsh-generated/resources/Composition-composition-es-a975b7e209ea5c4c3bf8040a42b86fbd.json	19068	11	0	0	0	0	0	0	0	6	0	0	0	0	0	0	0	0	0	0	49	6	0	0	0	0	0	0	0
fsh-generated/resources/Composition-composition-es-ac2bb08bb4cc3f51f8c4e3513034c019.json	38576	15	0	0	0	0	0	0	0	6	0	0	0	0	0	0	0	0	0	0	97	8	0	0	0	0	0	0	0
fsh-generated/resources/Composition-composition-es-af8d2f6e4772c29a8ef9fbb165e80d28.json	24225	12	0	0	0	0	0	0	0	6	0	0	0	0	0	0	0	0	0	0	62	7	0	0	0	0	0	0	0
fsh-generated/resources/Composition-composition-es-b3a8d58c709a2281d8ad2a590fe81663.json	20140	12	0	0	0	0	0	0	1	6	0	0	0	0	0	0	0	0	0	0	54	7	0	0	0	0	0	0	0
fsh-generated/resources/Composition-composition-es-bc60fa1aa0bfe774d11ee13c0c131622.json	19587	11	0	0	0	0	0	0	0	6	0	0	0	0	0	0	0	0	0	0	53	6	0	0	0	0	0	0	0
fsh-generated/resources/Composition-composition-es-d4bcbbaec04bf6aceb2f71162205967e.json	19630	12	1	0	0	0	0	0	0	6	0	0	0	0	0	0	0	0	0	0	52	7	0	0	0	0	0	0	0
fsh-generated/resources/Composition-composition-proc-es-1846d2b12fecbbb0310cd8c196c98f82.json	40991	15	0	0	0	0	0	0	0	12	0	0	0	0	0	0	0	0	0	0	107	13	0	0	0	0	0	0	0
fsh-generated/resources/Composition-composition-proc-es-e8bd725f64067aeae7994e2b56cd71c1.json	23641	13	0	0	0	0	0	0	1	9	0	0	0	0	0	0	0	0	0	0	66	7	0	0	0	0	0	0	0
fsh-generated/resources/Composition-composition-proc-pt-2065c93918e829bc9508cce4f449e8fd.json	31949	13	0	0	0	0	0	0	0	13	0	0	0	0	0	0	0	1	0	0	83	8	0	0	0	0	0	0	0
fsh-generated/resources/Composition-composition-processed-pt-f4d45353edcb21af3718d3a0df94a4d8.json	27516	13	0	0	0	0	0	0	1	23	0	0	0	0	0	0	0	0	0	0	75	10	0	0	0	0	0	0	1
fsh-generated/resources/Composition-composition-pt-873a1a47330e628770640f9c96c0761e.json	22968	11	0	0	0	0	0	0	0	10	0	0	0	0	0	0	0	0	0	0	58	7	0	0	0	0	0	0	0
fsh-generated/resources/DocumentReference-asm-1.json	3031820	189	0	0	0	0	0	0	0	178	0	0	0	0	0	0	0	0	0	0	7543	294	0	0	0	0	0	0	0
fsh-generated/resources/DocumentReference-asm-2.json	1001	3	0	0	0	0	0	0	0	14	0	0	0	0	0	0	0	0	0	0	9	4	0	0	0	0	0	0	0
fsh-generated/resources/DocumentReference-asm-3.json	675	2	1	0	0	0	0	0	0	11	0	0	0	0	0	0	0	0	0	0	7	3	0	0	0	0	0	0	0
fsh-generated/resources/Ingredient-ingredient-for-2c0c197a41a706fb2549601e635da1f3.json	1609	2	0	0	0	0	0	0	0	13	0	0	0	0	0	0	0	0	0	0	13	9	0	0	0	0	0	0	0
fsh-generated/resources/Ingredient-ingredient-for-2e8cb2387c664fb619f6b8914767d38f.json	1611	4	0	0	0	0	0	0	0	12	0	0	0	0	0	0	0	0	0	0	12	6	0	0	0	0	0	0	0
fsh-generated/resources/Ingredient-ingredient-for-aquilea-humantypeicollagen.json	1430	2	0	0	0	0	0	0	0	10	0	0	0	0	0	0	0	0	0	0	12	6	0	0	0	0	0	0	0
fsh-generated/resources/Ingredient-ingredient-for-aquilea-magnesium.json	1409	2	0	0	0	0	0	0	0	11	0	0	0	0	0	0	0	0	0	0	13	6	0	0	0	0	0	0	0
fsh-generated/resources/Ingredient-ingredient-for-biktarvy-bictegravirsodium.json	1567	2	0	0	0	0	0	0	0	11	0	0	0	0	0	0	0	0	0	0	12	6	0	0	0	0	0	0	0
fsh-generated/resources/Ingredient-ingredient-for-biktarvy-croscarmellosesodium.json	1130	3	0	0	0	0	0	0	0	10	0	0	0	0	0	0	0	0	0	0	10	9	0	0	0	0	0	0	0
fsh-generated/resources/Ingredient-ingredient-for-biktarvy-emtricitabine.json	1559	2	0	0	0	0	0	0	0	12	0	0	0	0	0	0	0	0	0	0	13	8	0	0	0	0	0	0	0
fsh-generated/resources/Ingredient-ingredient-for-biktarvy-magnesiumstearate.json	1124	2	1	0	0	0	0	0	0	10	0	0	0	0	0	0	0	0	0	0	13	7	0	0	0	0	0	0	0
fsh-generated/resources/Ingredient-ingredient-for-biktarvy-microcrystallinecellulose.json	1140	2	0	0	0	0	0	0	1	10	0	0	0	0	0	0	0	0	0	0	11	8	0	0	0	0	0	0	0
fsh-generated/resources/Ingredient-ingredient-for-biktarvy-tenofoviralafenamide.json	1573	2	0	0	0	0	0	0	0	12	0	0	0	0	0	0	0	0	0	0	12	7	0	0	0	0	0	0	0
fsh-generated/resources/Ingredient-ingredient-for-calciovitaminad-anhydrouscitricacid.json	1136	3	0	0	0	0	0	0	0	10	0	0	0	0	0	0	0	0	0	0	12	6	0	0	0	0	0	0	0
fsh-generated/resources/Ingredient-ingredient-for-calciovitaminad-calciumcarbonate.json	1567	2	0	0	0	0	0	0	0	12	0	0	0	0	0	0	0	0	0	0	13	6	0	0	0	0	0	0	0
fsh-generated/resources/Ingredient-ingredient-for-calciovitaminad-cholecalciferol.json	1562	2	0	0	0	0	0	0	0	13	0	0	0	0	0	0	0	0	0	0	12	7	0	0	0	0	0	0	0
fsh-generated/resources/Ingredient-ingredient-for-calciovitaminad-hydrogenatedsoybeanoil.json	1577	2	0	0	0	0	0	0	0	12	0	0	0	0	0	0	0	0	0	0	18	6	0	0	0	0	0	0	0
fsh-generated/resources/Ingredient-ingredient-for-calciovitaminad-lactosemonohydrate.json	1570	2	1	0	0	0	0	0	0	13	0	0	0	0	0	0	0	0	0	0	17	7	0	0	0	0	0	0	0
fsh-generated/resources/Ingredient-ingredient-for-calciovitaminad-macrogol6000.json	1121	2	0	0	0	0	0	0	0	11	0	0	0	0	0	0	0	0	0	0	14	5	0	0	0	0	0	0	0
fsh-generated/resources/Ingredient-ingredient-for-calciovitaminad-povidone.json	1112	2	0	0	0	0	0	0	0	10	0	0	0	0	0	0	0	0	0	0	13	6	0	0	0	0	0	0	0
fsh-generated/resources/Ingredient-ingredient-for-calciovitaminad-saccharinsodium.json	1127	2	0	0	0	0	0	0	0	12	0	0	0	0	0	0	0	0	0	0	15	7	0	0	0	0	0	0	0
fsh-generated/resources/Ingredient-ingredient-for-calciovitaminad-sodium.json	1544	3	1	0	0	0	0	0	0	12	0	0	0	0	0	0	0	0	0	0	12	7	0	0	0	0	0	0	0
fsh-generated/resources/Ingredient-ingredient-for-calciovitaminad-sodiumbicarbonate.json	1131	1	0	0	0	0	0	0	0	11	0	0	0	0	0	0	0	0	0	0	10	5	0	0	0	0	0	0	0
fsh-generated/resources/Ingredient-ingredient-for-calciovitaminad-sodiumcyclamate.json	1127	2	0	0	0	0	0	0	0	10	0	0	0	0	0	0	0	0	0	0	11	6	0	0	0	0	0	0	0
fsh-generated/resources/Ingredient-ingredient-for-calciovitaminad-sucrose.json	1545	2	0	0	0	0	0	0	0	12	0	0	0	0	0	0	0	0	0	0	11	7	0	0	0	0	0	0	0
fsh-generated/resources/Ingredient-ingredient-for-cinitrapide-cinitapride.json	1549	2	0	0	0	0	0	0	0	12	0	0	0	0	0	0	0	0	0	0	12	6	0	0	0	0	0	0	0
fsh-generated/resources/Ingredient-ingredient-for-cinitrapide-magnesiumstearate.json	1127	2	0	0	0	0	0	0	0	10	0	0	0	0	0	0	0	0	0	0	10	6	0	0	0	0	0	0	0
fsh-generated/resources/Ingredient-ingredient-for-cinitrapide-povidoneunspecified.json	1132	1	1	0	0	0	0	0	1	10	0	0	0	0	0	0	0	0	0	0	10	5	0	0	0	0	0	0	0
fsh-generated/resources/Ingredient-ingredient-for-cinitrapide-silicacolloidalanhydrous.json	1143	2	0	0	0	0	0	0	0	9	0	0	0	0	0	0	0	0	0	0	10	6	0	0	0	0	0	0	0
fsh-generated/resources/Ingredient-ingredient-for-cinitrapide-starchcorn.json	1114	2	0	0	0	0	0	0	0	10	0	0	0	0	0	0	0	0	0	0	11	5	0	0	0	0	0	0	0
fsh-generated/resources/Ingredient-ingredient-for-cinitrapide-starchpotato.json	1118	2	0	0	0	0	0	0	0	9	0	0	0	0	0	0	0	0	0	0	9	6	0	0	0	0	0	0	0
fsh-generated/resources/Ingredient-ingredient-for-dovato-dolutegravirsodium.json	1567	2	0	0	0	0	0	0	0	11	0	0	0	0	0	0	0	0	0	0	15	6	0	0	0	0	0	0	0
fsh-generated/resources/Ingredient-ingredient-for-dovato-lamivudine.json	1551	1	0	0	0	0	0	0	0	12	0	0	0	0	0	0	0	0	0	0	11	6	0	0	0	0	0	0	0
fsh-generated/resources/Ingredient-ingredient-for-dovato-magnesiumstearate.json	1122	4	0	0	0	0	0	0	0	10	0	0	0	0	0	0	0	0	0	0	11	6	0	0	0	0	0	0	0
fsh-generated/resources/Ingredient-ingredient-for-dovato-mannitol.json	1103	3	1	0	0	0	0	0	0	10	0	0	0	0	0	0	0	0	0	0	9	5	0	0	0	0	0	0	0
fsh-generated/resources/Ingredient-ingredient-for-dovato-microcrystallinecellulose.json	1138	2	0	0	0	0	0	0	0	9	0	0	0	0	0	0	0	0	0	0	12	6	0	0	0	0	0	0	0
fsh-generated/resources/Ingredient-ingredient-for-dovato-sodiumstarchglycolate.json	1131	2	0	0	0	0	0	0	0	9	0	0	0	0	0	0	0	0	0	0	10	6	0	0	0	0	0	0	0
fsh-generated/resources/Ingredient-ingredient-for-enbrel-etanercept.json	1550	2	0	0	0	0	0	0	0	12	0	0	0	0	0	0	0	0	0	0	12	6	0	0	0	0	0	0	0
fsh-generated/resources/Ingredient-ingredient-for-enbrel-mannitol.json	1103	1	0	0	0	0	0	0	0	20	0	0	0	0	0	0	0	0	0	0	10	5	0	0	0	0	0	0	0
fsh-generated/resources/Ingredient-ingredient-for-enbrel-sucrose.json	1101	2	0	0	0	0	0	0	0	11	0	0	0	0	0	0	0	0	0	0	10	6	0	0	0	0	0	0	0
fsh-generated/resources/Ingredient-ingredient-for-enbrel-tromethamine.json	1111	2	1	0	0	0	0	0	0	10	0	0	0	0	0	0	0	0	0	0	12	5	0	0	0	0	0	0	0
fsh-generated/resources/Ingredient-ingredient-for-f4e520e2974f4acb8abe26b607ea5a46.json	1603	2	0	0	0	0	0	0	0	13	0	0	0	0	0	0	0	0	0	0	12	6	0	0	0	0	0	0	0
fsh-generated/resources/Ingredient-ingredient-for-flucelvax-influenzaavirusadarwin112021h3n2whole.json	1617	2	0	0	0	0	0	0	1	11	0	0	0	0	0	0	0	0	0	0	13	6	0	0	0	0	0	0	0
fsh-generated/resources/Ingredient-ingredient-for-flucelvax-magnesiumchloride.json	1125	3	0	0	0	0	0	0	0	10	0	0	0	0	0	0	0	0	0	0	11	6	0	0	0	0	0	0	0
fsh-generated/resources/Ingredient-ingredient-for-flucelvax-potassiumchloride.json	1125	4	0	0	0	0	0	0	0	8	0	0	0	0	0	0	0	0	0	0	13	6	0	0	0	0	0	0	0
fsh-generated/resources/Ingredient-ingredient-for-flucelvax-potassiumdihydrogenphosphate.json	1148	4	0	0	0	0	0	0	0	6	0	0	0	0	0	0	0	0	0	0	11	5	0	0	0	0	0	0	0
fsh-generated/resources/Ingredient-ingredient-for-flucelvax-sodiumchloride.json	1119	4	0	0	0	0	0	0	0	6	0	0	0	0	0	0	0	0	0	0	10	6	0	0	0	0	0	0	0
fsh-generated/resources/Ingredient-ingredient-for-flucelvax-sodiumphosphatedibasicdihydrate.json	1157	3	1	0	0	0	0	0	0	5	0	0	0	0	0	0	0	0	0	0	11	5	0	0	0	0	0	0	0
fsh-generated/resources/Ingredient-ingredient-for-flucelvax-waterforinjections.json	1128	1	0	0	0	0	0	0	0	4	0	0	0	0	0	0	0	0	0	0	11	6	0	0	0	0	0	0	0
fsh-generated/resources/Ingredient-ingredient-for-hipricoarkopharma-colloidalhydrophobicsilica.json	1152	2	0	0	0	0	0	0	0	5	0	0	0	0	0	0	0	0	0	0	11	5	0	0	0	0	0	0	0
fsh-generated/resources/Ingredient-ingredient-for-hipricoarkopharma-hypericumperforatuml.json	1578	2	0	0	0	0	0	0	0	6	0	0	0	0	0	0	0	0	0	0	12	6	0	0	0	0	0	0	0
fsh-generated/resources/Ingredient-ingredient-for-hipricoarkopharma-magnesiumstearate.json	1133	2	0	0	0	0	0	0	0	5	0	0	0	0	0	0	0	0	0	0	13	6	0	0	0	0	0	0	0
fsh-generated/resources/Ingredient-ingredient-for-hipricoarkopharma-maltodextrin.json	1122	2	0	0	0	0	0	0	0	5	0	0	0	0	0	0	0	0	0	0	10	5	0	0	0	1	0	0	0
fsh-generated/resources/Ingredient-ingredient-for-hipricoarkopharma-microcrystallinecellulose.json	1149	1	0	0	0	0	0	0	0	4	0	0	0	0	0	0	0	0	0	0	9	6	0	0	0	0	0	0	0
fsh-generated/resources/Ingredient-ingredient-for-humalog-glycerol.json	1247	2	1	0	0	0	0	0	0	8	0	0	0	0	0	0	0	0	0	0	12	6	0	0	0	0	0	0	0
fsh-generated/resources/Ingredient-ingredient-for-humalog-hydrochloricacid.json	1264	2	0	0	0	0	0	0	0	10	0	0	0	0	0	0	0	0	0	0	11	7	0	0	0	0	0	0	0
fsh-generated/resources/Ingredient-ingredient-for-humalog-insulinlispro.json	1697	2	0	0	0	0	0	0	1	12	0	0	0	0	0	0	0	0	0	0	14	7	0	0	0	0	0	0	0
fsh-generated/resources/Ingredient-ingredient-for-humalog-metacresol.json	1251	2	0	0	0	0	0	0	0	11	0	0	0	0	0	0	0	0	0	0	11	7	0	0	0	0	0	0	0
fsh-generated/resources/Ingredient-ingredient-for-humalog-sodiumhydroxide.json	1262	2	0	0	0	0	0	0	0	10	0	0	0	0	0	0	0	0	0	0	12	6	0	0	0	0	0	0	0
fsh-generated/resources/Ingredient-ingredient-for-humalog-sterilewaterforinjection.json	1282	1	0	0	0	0	0	0	0	11	0	0	0	0	0	0	0	0	0	0	12	6	0	0	0	0	0	0	0
fsh-generated/resources/Ingredient-ingredient-for-humalog-trometamol.json	1251	2	1	0	0	0	0	0	0	10	0	0	0	0	0	0	0	0	0	0	12	7	0	0	0	0	0	0	0
fsh-generated/resources/Ingredient-ingredient-for-humalog-zincoxide.json	1250	2	0	0	0	0	0	0	0	10	0	0	0	0	0	0	0	1	0	0	12	6	0	0	0	0	0	0	0
fsh-generated/resources/Ingredient-ingredient-for-humira-adalimumab.json	1550	2	0	0	0	0	0	0	0	11	0	0	0	0	0	0	0	0	0	0	13	6	0	0	0	0	0	0	0
fsh-generated/resources/Ingredient-ingredient-for-humira-citricacidmonohydrate.json	1131	2	0	0	0	0	0	0	0	8	0	0	0	0	0	0	0	0	0	0	10	6	0	0	0	0	0	0	0
fsh-generated/resources/Ingredient-ingredient-for-humira-mannitol.json	1103	1	0	0	0	0	0	0	0	9	0	0	0	0	0	0	0	0	0	0	10	5	0	0	0	0	0	0	0
fsh-generated/resources/Ingredient-ingredient-for-humira-polysorbate80.json	1114	4	0	0	0	0	0	0	0	9	0	0	0	0	0	0	0	0	0	0	10	6	0	0	0	0	0	0	0
fsh-generated/resources/Ingredient-ingredient-for-humira-sodiumchloride.json	1116	2	0	0	0	0	0	0	0	9	0	0	0	0	0	0	0	0	0	0	10	5	0	0	0	0	0	0	0
fsh-generated/resources/Ingredient-ingredient-for-humira-sodiumcitrateunspecifiedform.json	1147	1	1	0	0	0	0	0	0	9	0	0	0	0	0	0	0	0	0	0	10	6	0	0	0	0	0	0	0
fsh-generated/resources/Ingredient-ingredient-for-humira-sodiumphosphatedibasicdihydrate.json	1154	2	0	0	0	0	0	0	0	8	0	0	0	0	0	0	0	0	0	0	10	5	0	0	0	0	0	0	0
fsh-generated/resources/Ingredient-ingredient-for-humira-sodiumphosphatemonobasicdihydrate.json	1158	2	0	0	0	0	0	0	0	9	0	0	0	0	0	0	0	0	0	0	11	27	0	0	0	0	0	0	0
fsh-generated/resources/Ingredient-ingredient-for-humira-sterilewaterforinjection.json	1138	2	0	0	0	0	0	0	0	8	0	0	0	0	0	0	0	0	0	0	9	8	0	0	0	0	0	0	0
fsh-generated/resources/Ingredient-ingredient-for-ibuprofen-anhydrousdextrose.json	1125	2	0	0	0	0	0	0	0	5	0	0	0	0	0	0	0	0	0	0	11	8	0	0	0	0	0	0	0
fsh-generated/resources/Ingredient-ingredient-for-ibuprofen-ibuprofen.json	1552	2	0	0	0	0	0	0	0	6	0	0	0	0	0	0	0	0	0	0	14	10	0	0	0	0	0	0	0
fsh-generated/resources/Ingredient-ingredient-for-ibuprofen-lecithinsoybean.json	1122	1	0	0	0	0	0	0	0	4	0	0	0	0	0	0	0	0	0	0	11	8	0	0	0	0	0	0	0
fsh-generated/resources/Ingredient-ingredient-for-ibuprofen-sucrose.json	1104	2	1	0	0	0	0	0	1	9	0	0	0	0	0	0	0	0	0	0	10	8	0	0	0	0	0	0	0
fsh-generated/resources/Ingredient-ingredient-for-karvea-carnaubawax.json	1110	2	0	0	0	0	0	0	0	9	0	0	0	0	0	0	0	0	0	0	10	9	0	0	0	0	0	0	0
fsh-generated/resources/Ingredient-ingredient-for-karvea-croscarmellosesodium.json	1128	2	0	0	0	0	0	0	0	8	0	0	0	0	1	0	0	0	0	0	11	8	0	0	0	0	0	0	0
fsh-generated/resources/Ingredient-ingredient-for-karvea-hypromellose.json	1111	1	0	0	0	0	0	0	0	9	0	0	0	0	0	0	0	0	0	0	11	9	0	0	0	0	0	0	0
fsh-generated/resources/Ingredient-ingredient-for-karvea-irbesartan.json	1550	2	0	0	0	0	0	0	0	10	0	0	0	0	0	0	0	0	0	0	14	9	0	0	0	0	0	0	0
fsh-generated/resources/Ingredient-ingredient-for-karvea-lactosemonohydrate.json	1124	2	0	0	0	0	0	0	0	6	0	0	0	0	0	0	0	0	0	0	13	8	0	0	0	0	0	0	0
fsh-generated/resources/Ingredient-ingredient-for-karvea-macrogol3000.json	1112	2	0	0	0	0	0	0	0	5	0	0	0	0	0	0	0	0	0	0	10	8	0	0	0	0	0	0	0
fsh-generated/resources/Ingredient-ingredient-for-karvea-magnesiumstearate.json	1122	1	1	0	0	0	0	0	0	4	0	0	0	0	0	0	0	0	0	0	11	9	0	0	0	0	0	0	0
fsh-generated/resources/Ingredient-ingredient-for-karvea-microcrystallinecellulose.json	1138	2	0	0	0	0	0	0	0	8	0	0	0	0	0	0	0	0	0	0	10	8	0	0	0	0	0	0	0
fsh-generated/resources/Ingredient-ingredient-for-karvea-silicondioxide.json	1116	2	0	0	0	0	0	0	0	5	0	0	0	0	0	0	0	0	0	0	10	9	0	0	0	0	0	0	0
fsh-generated/resources/Ingredient-ingredient-for-karvea-titaniumdioxide.json	1118	2	0	0	0	0	0	0	0	4	0	0	0	0	0	0	0	0	0	0	12	8	0	0	0	0	0	0	0
fsh-generated/resources/Ingredient-ingredient-for-mirtazapine-cornstarch.json	1113	2	0	0	0	0	0	0	0	5	0	0	0	0	0	0	0	0	0	0	10	9	0	0	0	0	0	0	0
fsh-generated/resources/Ingredient-ingredient-for-mirtazapine-hydroxypropylcelluloseunspecified.json	1161	2	0	0	0	0	0	0	0	5	0	0	0	0	0	0	0	0	0	0	11	6	0	0	0	0	0	0	0
fsh-generated/resources/Ingredient-ingredient-for-mirtazapine-lactosemonohydrate.json	1129	2	0	0	0	0	0	0	0	4	0	0	0	0	0	0	0	0	0	0	10	6	0	0	0	0	0	0	0
fsh-generated/resources/Ingredient-ingredient-for-mirtazapine-magnesiumstearate.json	1127	1	1	0	0	0	0	0	0	6	0	0	0	0	0	0	0	0	0	0	12	5	0	0	0	0	0	0	0
fsh-generated/resources/Ingredient-ingredient-for-mirtazapine-mirtazapine.json	1550	2	0	0	0	0	0	0	0	6	0	0	0	0	0	0	0	0	0	0	12	6	0	0	0	0	0	0	0
fsh-generated/resources/Ingredient-ingredient-for-mirtazapine-silicacolloidalanhydrous.json	1143	2	0	0	0	0	0	0	0	5	0	0	0	0	0	0	0	0	0	0	17	5	0	0	0	0	0	0	1
fsh-generated/resources/Ingredient-ingredient-for-naturesplus-soyprotein.json	1416	2	1	0	0	0	0	0	0	5	0	0	0	0	0	0	0	0	0	0	12	5	0	0	0	0	0	0	0
fsh-generated/resources/Ingredient-ingredient-for-paracetamol-magnesiumstearate.json	1127	2	0	0	0	0	0	0	0	4	0	0	0	0	0	0	0	0	0	0	10	6	0	0	0	0	0	0	0
fsh-generated/resources/Ingredient-ingredient-for-paracetamol-paracetamol.json	1552	2	1	0	0	0	0	0	1	6	0	0	0	0	0	0	0	0	0	0	12	5	0	0	0	0	0	0	0
fsh-generated/resources/Ingredient-ingredient-for-paracetamol-povidoneunspecified.json	1132	1	0	0	0	0	0	0	0	4	0	0	0	0	0	0	0	0	0	0	11	6	0	0	0	0	0	0	0
fsh-generated/resources/Ingredient-ingredient-for-paracetamol-silicacolloidalanhydrous.json	1143	2	0	0	0	0	0	0	0	5	0	0	0	0	0	0	0	0	0	0	11	5	0	0	0	0	0	0	0
fsh-generated/resources/Ingredient-ingredient-for-paracetamol-starchcorn.json	1114	2	0	0	0	0	0	0	0	4	0	0	0	0	0	0	0	0	0	0	12	5	0	0	0	0	0	0	0
fsh-generated/resources/Ingredient-ingredient-for-paracetamol-starchpotato.json	1118	2	0	0	0	0	0	0	0	5	0	0	0	0	0	0	0	0	0	0	10	5	0	0	0	0	0	0	0
fsh-generated/resources/Ingredient-ingredient-for-pentasa-ethylcellulose.json	1116	1	0	0	0	0	0	0	0	4	0	0	0	0	0	0	0	0	0	0	10	6	0	0	0	0	0	0	0
fsh-generated/resources/Ingredient-ingredient-for-pentasa-magnesiumstearate.json	1123	2	0	0	0	0	0	0	0	5	0	0	0	0	0	0	0	0	0	0	10	5	0	0	0	0	0	0	0
fsh-generated/resources/Ingredient-ingredient-for-pentasa-mesalazine.json	1542	2	1	0	0	0	0	0	0	5	0	0	0	0	0	0	0	0	0	0	12	6	0	0	0	0	0	0	0
fsh-generated/resources/Ingredient-ingredient-for-pentasa-microcrystallinecellulose.json	1139	2	0	0	0	0	0	0	0	5	0	0	0	0	0	0	0	0	0	0	10	5	0	0	0	0	0	0	0
fsh-generated/resources/Ingredient-ingredient-for-pentasa-povidone.json	1104	2	0	0	0	0	0	0	0	4	0	0	0	0	0	0	0	0	0	0	10	5	0	0	0	0	0	0	0
fsh-generated/resources/Ingredient-ingredient-for-pentasa-talc.json	1096	1	0	0	0	0	0	0	0	5	0	0	0	0	0	0	0	0	0	0	10	5	0	0	0	0	0	0	0
fsh-generated/resources/Ingredient-ingredient-for-remsima-disodiumphosphatedihydrate.json	1142	2	0	0	0	0	0	0	0	4	0	0	0	0	0	0	0	0	0	0	10	6	0	0	0	0	0	0	0
fsh-generated/resources/Ingredient-ingredient-for-remsima-infliximab.json	1545	2	0	0	0	0	0	0	0	6	0	0	0	0	0	0	0	0	0	0	12	6	0	0	0	0	0	0	0
fsh-generated/resources/Ingredient-ingredient-for-remsima-polysorbate80.json	1115	2	1	0	0	0	0	0	0	4	0	0	0	0	0	0	0	0	0	0	10	5	0	0	0	0	0	0	0
fsh-generated/resources/Ingredient-ingredient-for-remsima-sodiumdihydrogenphosphatemonohydrate.json	1163	2	0	0	0	0	0	0	0	5	0	0	0	0	0	0	0	0	0	0	11	5	0	0	0	0	0	0	0
fsh-generated/resources/Ingredient-ingredient-for-remsima-sucrose.json	1102	1	0	0	0	0	0	0	0	4	0	0	0	0	0	0	0	0	0	0	10	6	0	0	0	0	0	0	0
fsh-generated/resources/Ingredient-ingredient-for-simvastatine-hypromelloseunspecified.json	1141	2	0	0	0	0	0	0	0	5	0	0	0	0	0	0	0	0	0	0	11	6	0	0	0	0	0	0	0
fsh-generated/resources/Ingredient-ingredient-for-simvastatine-simvastatin.json	1557	2	0	0	0	0	0	0	0	5	0	0	0	0	0	0	0	0	0	0	16	5	0	0	0	0	0	0	0
fsh-generated/resources/Ingredient-ingredient-for-simvastatine-titaniumdioxide.json	1124	2	0	0	0	0	0	0	1	5	0	0	0	0	0	0	0	0	0	0	10	6	0	0	0	0	0	0	0
fsh-generated/resources/Ingredient-ingredient-for-skilarence-acmedruging2.json	1116	1	0	0	0	0	0	0	0	4	0	0	0	0	0	0	0	0	0	0	10	6	0	0	0	0	0	0	0
fsh-generated/resources/Ingredient-ingredient-for-skilarence-acmedruging3.json	1116	2	1	0	0	0	0	0	0	5	0	0	0	0	0	0	0	0	0	0	10	5	0	0	0	0	0	0	0
fsh-generated/resources/Ingredient-ingredient-for-skilarence-dimethylfumarate.json	1561	2	0	0	0	0	0	0	0	5	0	0	0	0	0	0	0	0	0	0	13	5	0	0	0	0	0	0	0
fsh-generated/resources/Ingredient-ingredient-for-soria-ascorbicacid.json	1555	2	0	0	0	0	0	0	0	6	0	0	0	0	0	0	0	0	0	0	12	6	0	0	0	0	0	0	0
fsh-generated/resources/Ingredient-ingredient-for-suliqua-glycerol85whodd.json	1124	2	0	0	0	0	0	0	0	4	0	0	0	0	0	0	0	0	0	0	10	5	0	0	0	0	0	0	0
fsh-generated/resources/Ingredient-ingredient-for-suliqua-hydrochloricacidiarc.json	1132	3	0	0	0	0	0	0	0	5	0	0	0	0	0	0	0	0	0	0	10	5	0	0	0	0	0	0	0
fsh-generated/resources/Ingredient-ingredient-for-suliqua-insulinglargine.json	1565	2	0	0	0	0	0	0	0	5	0	0	0	0	0	0	0	0	0	0	13	6	0	0	0	0	0	0	0
fsh-generated/resources/Ingredient-ingredient-for-suliqua-lixisenatide.json	1558	1	0	0	0	0	0	0	0	6	0	0	0	0	0	0	0	0	0	0	14	12	0	0	0	0	0	0	0
fsh-generated/resources/Ingredient-ingredient-for-suliqua-metacresol.json	1108	2	0	0	0	0	0	0	0	4	0	0	0	0	0	0	0	0	0	1	13	9	0	0	0	0	0	0	0
fsh-generated/resources/Ingredient-ingredient-for-suliqua-methionine.json	1108	2	1	0	0	0	0	0	0	5	0	0	0	0	0	0	0	0	0	0	9	10	0	0	0	0	0	0	0
fsh-generated/resources/Ingredient-ingredient-for-suliqua-sodiumhydroxide.json	1119	2	0	0	0	0	0	0	0	4	0	0	0	0	0	0	0	0	0	0	11	8	0	0	0	0	0	0	0
fsh-generated/resources/Ingredient-ingredient-for-suliqua-sterilewaterforinjection.json	1139	2	0	0	0	0	0	0	0	5	0	0	0	0	0	0	0	0	0	0	11	6	0	0	0	0	0	0	0
fsh-generated/resources/Ingredient-ingredient-for-suliqua-zincchloride.json	1113	2	0	0	0	0	0	0	0	4	0	0	0	0	0	0	0	0	0	0	11	5	0	0	0	0	0	0	0
fsh-generated/resources/Ingredient-ingredient-for-tegretol-carbamazepine.json	1552	1	0	0	0	0	0	0	0	6	0	0	0	0	0	0	0	0	0	0	13	5	0	0	0	0	0	0	0
fsh-generated/resources/Ingredient-ingredient-for-tegretol-carboxymethylcellulose.json	1133	2	0	0	0	0	0	0	0	4	0	0	0	0	0	0	0	0	0	0	10	6	0	0	0	0	0	0	0
fsh-generated/resources/Ingredient-ingredient-for-tegretol-magnesiumstearate.json	1124	2	0	0	0	0	0	0	0	5	0	0	0	0	0	0	0	0	0	0	10	5	0	0	0	0	0	0	0
fsh-generated/resources/Ingredient-ingredient-for-trastuzumab-sorbitol.json	1108	2	1	0	0	0	0	0	1	4	0	0	0	0	0	0	0	0	0	0	10	5	0	0	0	0	0	0	0
fsh-generated/resources/Ingredient-ingredient-for-trastuzumab-trastuzumab.json	1558	1	0	0	0	0	0	0	0	6	0	0	0	0	0	0	0	0	0	0	12	6	0	0	0	0	0	0	0
fsh-generated/resources/Ingredient-ingredient-for-vaxigriptetra-adarwin92021h3n2.json	1561	2	0	0	0	0	0	0	0	8	0	0	0	0	0	0	0	0	0	0	13	6	0	0	0	0	0	0	0
fsh-generated/resources/Ingredient-ingredient-for-vaxigriptetra-argininehydrochloride.json	1123	2	0	0	0	0	0	0	0	9	0	0	0	0	0	0	0	0	0	0	12	5	0	0	0	0	0	0	0
fsh-generated/resources/Ingredient-ingredient-for-vaxigriptetra-avictoria48972022.json	1560	2	0	0	0	0	0	0	0	6	0	0	0	0	0	0	0	0	0	0	13	6	0	0	0	0	0	0	0
fsh-generated/resources/Ingredient-ingredient-for-vaxigriptetra-baustria13594172021.json	1564	1	0	0	0	0	0	0	0	6	0	0	0	0	0	0	0	1	0	0	12	5	0	0	0	0	0	0	0
fsh-generated/resources/Ingredient-ingredient-for-vaxigriptetra-bphuket30732013.json	1558	2	0	0	0	0	0	0	0	5	0	0	0	0	0	0	0	0	0	0	12	6	0	0	0	0	0	0	0
fsh-generated/resources/Ingredient-ingredient-for-vaxigriptetra-dipotassiumphosphate.json	1121	2	1	0	0	0	0	0	0	5	0	0	0	0	0	0	0	0	0	0	11	5	0	0	0	0	0	0	0
fsh-generated/resources/Ingredient-ingredient-for-vaxigriptetra-gelatinporcinetypea.json	1124	1	0	0	0	0	0	0	0	4	0	0	0	0	0	0	0	0	0	0	11	5	0	0	0	0	0	0	0
fsh-generated/resources/Ingredient-ingredient-for-vaxigriptetra-monosodiumglutamatemonohydrate.json	1142	2	0	0	0	0	0	0	0	5	0	0	0	0	0	0	0	0	0	0	10	5	0	0	0	0	0	0	0
fsh-generated/resources/Ingredient-ingredient-for-vaxigriptetra-potassiumdihydrogenphosphate.json	1138	2	0	0	0	0	0	0	0	4	0	0	0	0	0	0	0	0	0	0	11	5	0	0	0	0	0	0	0
fsh-generated/resources/Ingredient-ingredient-for-vaxigriptetra-sucrose.json	1094	2	0	0	0	0	0	0	0	5	0	0	0	0	0	0	0	0	0	0	10	5	0	0	0	0	0	0	0
fsh-generated/resources/Ingredient-ingredient-for-vaxigriptetra-waterforinjections.json	1118	1	0	0	0	0	0	0	0	4	0	0	0	0	0	0	0	0	0	0	10	5	0	0	0	0	0	0	0
fsh-generated/resources/Ingredient-ingredient-for-xenical-gelatinunspecified.json	1126	2	1	0	0	0	0	0	0	4	0	0	0	0	0	0	0	0	0	0	12	5	0	0	0	0	0	0	0
fsh-generated/resources/Ingredient-ingredient-for-xenical-microcrystallinecellulose.json	1139	2	0	0	0	0	0	0	0	5	0	0	0	0	0	0	0	0	0	0	10	5	0	0	0	0	0	0	0
fsh-generated/resources/Ingredient-ingredient-for-xenical-orlistat.json	1541	1	0	0	0	0	0	0	0	5	0	0	0	0	0	0	0	0	0	0	13	6	0	0	0	0	0	0	0
fsh-generated/resources/Ingredient-ingredient-for-xenical-povidoneunspecified.json	1128	2	0	0	0	0	0	0	0	5	0	0	0	0	0	0	0	0	0	0	10	5	0	0	0	0	0	0	0
fsh-generated/resources/Ingredient-ingredient-for-xenical-sodiumlaurylsulfate.json	1128	2	1	0	0	0	0	0	1	4	0	0	0	0	0	0	0	0	0	0	11	5	0	0	0	0	0	0	0
fsh-generated/resources/Ingredient-ingredient-for-xenical-sodiumstarchglycolatetypea.json	1144	2	0	0	0	0	0	0	0	5	0	0	0	0	0	0	0	0	0	0	11	6	0	0	0	0	0	0	0
fsh-generated/resources/Ingredient-ingredient-for-xenical-titaniumdioxide.json	1119	2	0	0	0	0	0	0	0	4	0	0	0	0	0	0	0	0	0	0	10	6	0	0	0	0	0	0	0
fsh-generated/resources/List-list-biktarvy.json	2701	4	0	0	0	0	0	0	0	17	0	2	0	0	0	0	0	1	0	0	14	14	0	0	0	0	0	0	0
fsh-generated/resources/List-list-dovato.json	2691	4	1	0	0	0	0	0	0	4	0	1	0	0	0	0	0	0	0	0	12	10	0	0	0	0	0	0	0
fsh-generated/resources/List-list-flucelvax.json	2706	4	1	0	0	0	0	0	0	5	0	1	0	0	0	0	0	0	0	0	10	7	0	0	0	0	0	0	0
fsh-generated/resources/List-list-karvea.json	2691	4	0	0	0	0	0	0	0	6	0	2	0	0	0	0	0	0	0	0	11	7	0	0	0	0	0	0	0
fsh-generated/resources/List-list-test-smpc.json	2736	2	0	0	0	0	0	0	0	9	0	1	0	0	0	0	0	0	0	0	10	7	0	0	0	0	0	0	0
fsh-generated/resources/List-list-xenical.json	2696	2	0	0	0	0	0	0	0	5	0	1	0	0	0	0	0	0	0	0	10	8	0	0	0	0	0	0	0
fsh-generated/resources/List-listBiktarvy.json	3859	2	0	0	0	0	0	0	0	6	0	2	0	0	0	0	0	0	0	0	12	8	0	0	0	0	0	0	0
fsh-generated/resources/List-listDovato.json	3799	3	0	0	0	0	0	0	1	8	0	1	0	0	0	0	0	0	0	0	13	9	0	0	0	0	0	0	0
fsh-generated/resources/List-listKarveaProc.json	3851	3	1	0	0	0	0	0	0	6	0	1	0	0	0	0	0	0	0	0	12	9	0	0	0	0	0	0	0
fsh-generated/resources/ManufacturedItemDefinition-mid-04c9bd6fb89d38b2d83eced2460c4dc1.json	826	2	0	0	0	0	0	0	0	2	0	0	0	0	0	0	0	0	0	0	7	4	0	0	0	0	0	0	0
fsh-generated/resources/ManufacturedItemDefinition-mid-08ac066220d4d68a3933a9c94bef32ff.json	771	2	0	0	0	0	0	0	0	3	0	0	0	0	0	0	0	0	0	0	8	3	0	0	0	0	0	0	0
fsh-generated/resources/ManufacturedItemDefinition-mid-1a7318638ddbbeb084ef416e717b6fdb.json	788	1	0	0	0	0	0	0	0	2	0	0	0	0	0	0	0	0	0	0	9	3	0	0	0	0	0	0	0
fsh-generated/resources/ManufacturedItemDefinition-mid-29436a85dac3ea374adb3fa64cfd2578.json	788	2	0	0	0	0	0	0	0	3	0	0	0	0	0	0	0	0	0	0	8	3	0	0	0	0	0	0	0
fsh-generated/resources/ManufacturedItemDefinition-mid-2f37d696067eeb6daf1111cfc3272672.json	786	2	1	0	0	0	0	0	0	2	0	0	0	0	0	0	0	0	0	0	12	3	0	0	0	0	0	1	0
fsh-generated/resources/ManufacturedItemDefinition-mid-49178f16170ee8a6bc2a4361c1748d5f.json	905	1	0	0	0	0	0	0	0	4	0	0	0	0	0	0	0	0	0	0	9	5	0	0	0	0	0	0	0
fsh-generated/resources/ManufacturedItemDefinition-mid-4fab126d28f65a1084e7b50a23200363.json	798	2	0	0	0	0	0	0	0	2	0	0	0	0	0	0	0	0	0	0	9	3	0	0	0	0	0	0	0
fsh-generated/resources/ManufacturedItemDefinition-mid-5af3df1132d20d744a88dab06e924e5e.json	825	2	0	0	0	0	0	0	0	3	0	0	0	0	0	0	0	0	0	0	9	3	0	0	0	0	0	0	0
fsh-generated/resources/ManufacturedItemDefinition-mid-635d47ee543a5a9e15fcd321ee5fe6bb.json	884	1	0	0	0	0	0	0	0	3	0	0	0	0	0	0	0	0	0	0	9	4	0	0	0	0	0	0	0
fsh-generated/resources/ManufacturedItemDefinition-mid-660952efa1b907b97e182807063ac261.json	774	2	1	0	0	0	0	0	0	3	0	0	0	0	0	0	0	0	0	0	8	3	0	0	0	0	0	0	0
fsh-generated/resources/ManufacturedItemDefinition-mid-6a3c9768548036f502739419bacb2482.json	802	1	0	0	0	0	0	0	0	2	0	0	0	0	0	0	0	0	0	0	8	3	0	0	0	0	0	0	0
fsh-generated/resources/ManufacturedItemDefinition-mid-7f657b63823319aa7da7d2c5939e39e5.json	809	2	0	0	0	0	0	0	0	3	0	0	0	0	0	0	0	0	0	0	10	3	0	0	0	0	0	0	0
fsh-generated/resources/ManufacturedItemDefinition-mid-865e1b5617e6fb0d453cc2f7cf87d441.json	784	2	0	0	0	0	0	0	0	2	0	0	0	0	0	0	0	0	0	0	9	3	0	0	0	0	0	0	0
fsh-generated/resources/ManufacturedItemDefinition-mid-925dad38f0afbba36223a82b3a766438.json	787	1	0	0	0	0	0	0	0	3	0	0	0	0	0	0	0	0	0	0	9	3	0	0	0	0	0	0	0
fsh-generated/resources/ManufacturedItemDefinition-mid-94a96e39cfdcd8b378d12dd4063065f9.json	785	2	0	0	0	0	0	0	0	3	0	0	0	0	0	0	0	0	0	0	9	3	0	0	0	0	0	0	0
fsh-generated/resources/ManufacturedItemDefinition-mid-9b5b17469311c2ea4d1d08419748b4fb.json	801	2	1	0	0	0	0	0	0	2	0	0	0	0	0	0	0	0	0	0	7	5	0	0	0	0	0	0	0
fsh-generated/resources/ManufacturedItemDefinition-mid-a38f06714db0c27b2ba704652e3f08c5.json	907	1	0	0	0	0	0	0	0	3	0	0	0	0	0	0	0	0	0	0	9	8	0	0	0	0	0	0	0
fsh-generated/resources/ManufacturedItemDefinition-mid-af1953635c28668e0d454e0740fcb36f.json	783	2	0	0	0	0	0	0	1	3	0	0	0	0	0	0	0	0	0	0	11	3	0	0	0	0	0	0	0
fsh-generated/resources/ManufacturedItemDefinition-mid-b5a6ac2496348cb06663deb81c55cb37.json	799	2	0	0	0	0	0	0	0	2	0	0	0	0	0	0	0	0	0	0	9	3	0	0	0	0	0	0	0
fsh-generated/resources/ManufacturedItemDefinition-mid-da0fc2395ce219262dfd4f0c9a9f72e1.json	770	2	0	0	0	0	0	0	0	3	0	0	0	0	0	0	0	0	0	0	9	3	0	0	0	0	0	0	1
fsh-generated/resources/ManufacturedItemDefinition-mid-dcaa4d32aa6658a8df831551503e52ee.json	892	1	1	0	0	0	0	0	0	3	0	0	0	0	0	0	0	0	0	0	9	5	0	0	0	0	0	0	0
fsh-generated/resources/ManufacturedItemDefinition-mid-e0d9ad275c19f6e91c9365529421d5a8.json	791	2	0	0	0	0	0	0	0	3	0	0	0	0	0	0	0	0	0	0	7	4	0	0	0	0	0	0	0
fsh-generated/resources/ManufacturedItemDefinition-mid-e2464a7d3d627b9df9bef5bc3b263fb4.json	879	2	0	0	0	0	0	0	0	3	0	0	0	0	0	0	0	0	0	0	8	4	0	0	0	0	0	0	0
fsh-generated/resources/ManufacturedItemDefinition-mid-e3e5e78d4e002ed9e15b925cd546e20b.json	824	1	0	0	0	0	0	0	0	2	0	0	0	0	0	0	0	0	0	0	9	3	0	0	0	0	0	0	0
fsh-generated/resources/ManufacturedItemDefinition-mid-e762a2f54b0b24fca4744b1bb7524a5b.json	777	3	0	0	0	0	0	0	0	3	0	0	0	0	0	0	0	0	0	0	9	3	0	0	0	0	0	0	0
fsh-generated/resources/MedicinalProductDefinition-cava75mgblisterx28.json	3300	2	0	0	0	0	0	0	0	77	0	0	0	0	0	0	0	0	0	0	17	5	0	0	0	0	0	0	0
fsh-generated/resources/MedicinalProductDefinition-mp01eaaf0a81574efda98a52449788e7a2.json	3821	2	1	0	0	0	0	0	0	11	0	0	0	0	0	0	0	0	0	0	21	4	0	0	0	1	0	0	0
fsh-generated/resources/MedicinalProductDefinition-mp1453e0f16ff6c1d3106ed737a7857578.json	3539	2	0	0	0	0	0	0	0	9	0	0	0	0	0	0	0	0	0	0	19	5	0	0	0	0	0	0	0
fsh-generated/resources/MedicinalProductDefinition-mp16598f252d07b4784b82ba43cf9e847e.json	3620	1	0	0	0	0	0	0	0	9	0	0	0	0	0	0	0	0	0	0	19	4	0	0	0	0	0	0	0
fsh-generated/resources/MedicinalProductDefinition-mp245a2b4a9e3ee4304e5e6cf2b1a252b4.json	3463	2	0	0	0	0	0	0	1	8	0	0	0	0	0	0	0	0	0	0	18	5	0	0	0	0	0	0	0
fsh-generated/resources/MedicinalProductDefinition-mp25bbfa948f4a0b224f9baa1fe481efa8.json	3467	2	0	0	0	0	0	0	0	9	0	0	0	0	0	0	0	0	0	0	19	4	0	0	0	0	0	0	0
fsh-generated/resources/MedicinalProductDefinition-mp284ddecbce6fb138483090d5e55bafac.json	3604	2	0	0	0	0	0	0	0	8	0	0	0	0	0	0	0	0	0	0	20	5	0	0	0	0	0	0	0
fsh-generated/resources/MedicinalProductDefinition-mp2a9c4333cfd126f2e7b73ad3cafd6949.json	3711	2	1	0	0	0	0	0	0	9	0	0	0	0	0	0	0	0	0	0	19	4	0	0	0	0	0	0	0
fsh-generated/resources/MedicinalProductDefinition-mp367b9089c0743a2330f4c6e82b40ee41.json	4024	2	0	0	0	0	0	0	0	9	0	0	0	0	0	0	0	0	0	0	22	5	0	0	0	0	0	0	0
fsh-generated/resources/MedicinalProductDefinition-mp3b8585822d27945de47423af5de9824d.json	3492	2	0	0	0	0	0	0	0	9	0	0	0	0	0	0	0	0	0	0	19	4	0	0	0	0	0	0	0
fsh-generated/resources/MedicinalProductDefinition-mp5aea2ea50d47a8b479a61aec209c957f.json	3470	2	0	0	0	0	0	0	0	8	0	0	0	0	0	0	0	0	0	0	18	4	0	0	0	0	0	0	0
fsh-generated/resources/MedicinalProductDefinition-mp7a7ff0f4e1993c2fdabba6c8d9931a52.json	3502	2	0	0	0	0	0	0	0	10	0	0	0	0	0	0	0	0	0	0	20	5	0	0	0	0	0	0	0
fsh-generated/resources/MedicinalProductDefinition-mp822aeee7cf35efce0583ec39919328fb.json	3489	1	1	0	0	0	0	0	1	8	0	0	0	0	0	0	0	0	0	0	19	4	0	0	0	0	0	0	0
fsh-generated/resources/MedicinalProductDefinition-mp873a1a47330e628770640f9c96c0761e.json	3550	2	0	0	0	0	0	0	0	9	0	0	0	0	0	0	0	0	0	0	23	5	0	0	0	0	0	0	0
fsh-generated/resources/MedicinalProductDefinition-mp96d7b1b575aa8164c8c2b4cbe70f252a.json	3478	2	0	0	0	0	0	0	0	8	0	0	0	0	0	0	0	0	0	0	18	4	0	0	0	0	0	0	0
fsh-generated/resources/MedicinalProductDefinition-mpa975b7e209ea5c4c3bf8040a42b86fbd.json	3545	2	0	0	0	0	0	0	0	9	0	0	0	0	0	0	0	0	0	0	21	4	0	0	0	0	0	0	0
fsh-generated/resources/MedicinalProductDefinition-mpaae8d931abe2f2d9085b87555b9bb088.json	3539	2	0	0	0	0	0	0	0	9	0	0	0	0	0	0	0	0	0	0	19	5	0	0	0	0	0	0	0
fsh-generated/resources/MedicinalProductDefinition-mpac2bb08bb4cc3f51f8c4e3513034c019.json	3662	2	1	0	0	0	0	0	0	9	0	0	0	0	0	0	0	0	0	0	20	4	0	0	0	0	0	0	0
fsh-generated/resources/MedicinalProductDefinition-mpaf8d2f6e4772c29a8ef9fbb165e80d28.json	3402	2	0	0	0	0	0	0	0	9	0	0	0	0	0	0	0	0	0	0	45	4	0	0	0	0	0	0	0
fsh-generated/resources/MedicinalProductDefinition-mpb3a8d58c709a2281d8ad2a590fe81663.json	3565	2	0	0	0	0	0	0	0	9	0	0	0	0	0	0	0	0	0	0	19	5	0	0	0	0	0	0	0
fsh-generated/resources/MedicinalProductDefinition-mpb6ced64d25ea2c8da6c6099386f14db1.json	3759	2	0	0	0	0	0	0	0	9	0	0	0	0	0	0	0	0	0	0	20	4	0	0	0	0	0	0	0
fsh-generated/resources/MedicinalProductDefinition-mpbc60fa1aa0bfe774d11ee13c0c131622.json	3580	2	0	0	0	0	0	0	1	9	0	0	0	0	0	0	0	0	0	0	21	5	0	0	0	0	0	0	0
fsh-generated/resources/MedicinalProductDefinition-mpbe76bdf784deea6950583b234f789db2.json	3654	1	0	0	0	0	0	0	0	9	0	0	0	0	0	0	0	0	0	0	19	4	0	0	0	0	0	0	0
fsh-generated/resources/MedicinalProductDefinition-mpd33868162d255ced115cecbbf188aab4.json	3834	2	1	0	0	0	0	0	0	9	0	0	0	0	0	0	0	0	0	0	20	5	0	0	0	0	0	0	0
fsh-generated/resources/MedicinalProductDefinition-mpd4bcbbaec04bf6aceb2f71162205967e.json	3551	2	0	0	0	0	0	0	0	9	0	0	0	0	0	0	0	0	0	0	19	4	0	0	0	0	0	0	0
fsh-generated/resources/MedicinalProductDefinition-mpf97db27e6330f77484eb8425ad2913cd.json	3622	2	0	0	0	0	0	0	0	8	0	0	0	0	0	0	0	0	0	0	18	4	0	0	0	0	0	0	0
fsh-generated/resources/Observation-pedro-dimension-1.json	531	2	0	0	0	0	0	0	0	3	0	0	0	0	0	0	0	0	0	0	6	3	0	0	0	0	0	0	0
fsh-generated/resources/Observation-pedro-dimension-2.json	520	1	0	0	0	0	0	0	0	3	0	0	0	0	0	0	0	0	0	0	7	3	0	0	0	0	0	0	0
fsh-generated/resources/Observation-pedro-dimension-3.json	522	2	1	0	0	0	0	0	0	3	0	0	0	0	0	0	0	0	0	0	6	4	0	0	0	0	0	0	0
fsh-generated/resources/Observation-pedro-dimension-4.json	373	2	0	0	0	0	0	0	0	3	0	0	0	0	0	0	0	0	0	0	6	2	0	0	0	0	0	0	0
fsh-generated/resources/Observation-pedro-dimension-5.json	363	2	0	0	0	0	0	0	0	3	0	0	0	0	0	0	0	0	0	0	6	3	0	0	0	0	0	0	0
fsh-generated/resources/Observation-pedro-dimension-6.json	383	1	0	0	0	0	0	0	0	2	0	0	0	0	0	0	0	0	0	0	6	3	0	0	0	0	0	0	0
fsh-generated/resources/Observation-pedro-dimension-7.json	376	2	0	0	0	0	0	0	0	3	0	0	0	0	0	0	0	0	0	0	5	3	0	0	0	0	0	0	0
fsh-generated/resources/Observation-pedro-dimension-8.json	510	1	1	0	0	0	0	0	0	3	0	0	0	0	0	0	0	0	0	0	6	3	0	0	0	0	0	0	0
fsh-generated/resources/Observation-persona-dimension-1.json	525	2	0	0	0	0	0	0	0	3	0	0	0	0	0	0	0	0	0	0	7	3	0	0	0	0	0	0	0
fsh-generated/resources/Observation-persona-dimension-2.json	361	2	0	0	0	0	1	0	0	2	0	0	0	0	0	0	0	0	0	0	5	3	0	0	0	0	0	0	0
fsh-generated/resources/Observation-persona-dimension-3.json	516	2	0	0	0	0	0	0	0	3	0	0	0	0	0	0	0	0	0	0	6	3	0	0	0	0	0	0	0
fsh-generated/resources/Observation-persona-dimension-4.json	367	1	0	0	0	0	0	0	0	3	0	0	0	0	0	0	0	0	0	0	10	3	0	0	0	0	0	0	0
fsh-generated/resources/OperationDefinition-annotate.json	1355	6	1	0	0	0	0	0	0	3	0	0	0	0	0	0	0	0	0	0	14	4	0	0	0	0	1	0	0
fsh-generated/resources/OperationDefinition-diff.json	788	1	0	0	0	0	0	0	0	2	0	0	0	0	0	0	0	0	0	0	10	4	0	0	0	0	0	0	0
fsh-generated/resources/OperationDefinition-focus.json	3675	2	0	0	0	0	0	0	1	3	0	0	0	0	0	0	0	0	0	0	19	4	0	0	0	0	0	0	0
fsh-generated/resources/Organization-mah-0932dbba1d0482c4518be4a7c874cb91.json	885	2	0	0	0	0	0	0	0	3	0	0	0	0	0	0	0	0	0	0	9	3	0	0	0	0	0	0	0
fsh-generated/resources/Organization-mah-16019cea3a857659d2c5a2018c2260df.json	919	2	0	0	0	0	0	0	0	3	0	0	0	0	0	0	0	0	0	0	9	3	0	0	0	0	0	0	0
fsh-generated/resources/Organization-mah-1f2bde1de64d7b561417b3a3d4313827.json	942	1	0	0	0	0	0	0	0	3	0	0	0	0	0	0	0	0	0	0	8	3	0	0	0	0	0	0	0
fsh-generated/resources/Organization-mah-26a803db094176fea72396f24bb6b37d.json	885	2	1	0	0	0	0	0	0	3	0	0	0	0	0	0	0	0	0	0	8	4	0	0	0	0	0	0	0
fsh-generated/resources/Organization-mah-31ff1af739c7dcf77386a86f8dd83d29.json	928	2	0	0	0	0	0	0	0	3	0	0	0	0	0	0	0	0	0	0	9	3	0	0	0	0	0	0	0
fsh-generated/resources/Organization-mah-3c850a69e5187931f2198c5e63f933fe.json	1009	1	0	0	0	0	0	0	0	4	0	0	0	0	0	0	0	0	0	0	8	3	0	0	0	0	0	0	0
fsh-generated/resources/Organization-mah-3fdc76794516d7826890ab9f893e99c1.json	924	2	0	0	0	0	0	0	0	3	0	0	0	0	0	0	0	0	0	0	8	3	0	0	0	0	0	0	0
fsh-generated/resources/Organization-mah-43da1186bd45a53209a5c5aa849ac823.json	885	2	0	0	0	0	0	0	0	3	0	0	0	0	0	0	0	0	0	0	8	3	0	0	0	0	0	0	0
fsh-generated/resources/Organization-mah-45fe50eae508b5755dd140ab2093eb5e.json	972	1	0	0	0	0	0	0	0	3	0	0	0	0	0	0	0	0	0	0	8	3	0	0	0	0	0	0	0
fsh-generated/resources/Organization-mah-46a3afc149c080384b82a9e476e79f76.json	918	2	0	0	0	0	0	0	0	3	0	0	0	0	0	0	0	0	0	0	8	3	0	0	0	0	0	0	0
fsh-generated/resources/Organization-mah-4aaf055c3c7bab96579cd18496b045eb.json	998	2	1	0	0	0	0	0	0	3	0	0	0	0	0	0	0	0	0	0	9	3	0	0	0	0	0	0	0
fsh-generated/resources/Organization-mah-511671db37e83e520b00f8a0d817dc96.json	942	1	0	0	0	0	0	0	0	3	0	0	0	0	0	0	0	0	0	0	8	4	0	0	0	0	0	0	0
fsh-generated/resources/Organization-mah-5192019d531d0f82a0e8d8ffcb39b68a.json	957	2	0	0	0	0	0	0	0	3	0	0	0	0	0	0	0	0	0	0	9	3	0	0	0	0	0	0	0
fsh-generated/resources/Organization-mah-55692ec414f31dec233d83cfa4fdb9f9.json	885	2	0	0	0	0	0	0	0	4	0	0	0	0	0	0	0	0	0	0	8	3	0	0	0	0	0	0	0
fsh-generated/resources/Organization-mah-63db764f02d280689a772e5827bb2515.json	954	1	0	0	0	0	0	0	0	3	0	0	0	0	0	0	0	0	0	0	7	3	0	0	0	0	0	0	0
fsh-generated/resources/Organization-mah-65db33d6be47a433e6e9e9c2980ea7a4.json	956	2	0	0	0	0	0	0	0	3	0	0	0	0	0	0	0	0	0	0	8	3	0	0	0	0	0	0	0
fsh-generated/resources/Organization-mah-6ade044addd6563de0baefebb1cceb8e.json	977	2	0	0	0	0	0	0	0	3	0	0	0	0	0	0	0	0	0	0	8	3	0	0	0	0	0	0	0
fsh-generated/resources/Organization-mah-715f8a161ed438d0584510e5b4512caa.json	942	1	1	0	0	0	0	0	0	4	0	0	0	0	0	0	0	0	0	0	9	3	0	0	0	0	0	0	0
fsh-generated/resources/Organization-mah-94f8082c22713e050c3f2b55ea9d53ff.json	949	2	0	0	0	0	0	0	0	3	0	0	0	0	0	0	0	0	0	0	10	3	0	0	0	0	0	0	0
fsh-generated/resources/Organization-mah-9800de324c3962f6f767647a95e0c17e.json	953	2	0	0	0	0	0	0	0	3	0	0	0	0	0	0	0	0	0	0	8	3	0	0	0	0	0	0	0
fsh-generated/resources/Organization-mah-990eca26437774887062cfa11ea1d904.json	988	1	0	0	0	0	0	0	0	3	0	0	0	0	0	0	0	0	0	0	9	3	0	0	0	0	0	0	0
fsh-generated/resources/Organization-mah-b7afabe350ac415f70e662ba6c703030.json	952	2	0	0	0	0	0	0	0	3	0	0	0	0	0	0	0	0	0	0	8	3	0	0	0	0	0	0	0
fsh-generated/resources/Organization-mah-c2a5378488511eaedce26dde272c2290.json	923	2	0	0	0	0	0	0	0	3	0	0	0	0	0	0	0	0	0	0	8	4	0	0	0	0	0	0	0
fsh-generated/resources/Organization-mah-dbf32c7ed470ffbeb6060201f32edb29.json	1005	2	1	0	0	0	0	0	0	3	0	0	0	0	0	0	0	0	0	0	8	3	0	0	0	0	0	0	0
fsh-generated/resources/Organization-mah-fe6b7ee8886997a3f2098e16b925984d.json	950	2	0	0	0	0	0	0	0	3	0	0	0	0	0	0	0	0	0	0	10	3	0	0	0	0	0	0	0
fsh-generated/resources/Organization-man-05de1a64764c002add42fbfd49b6a38d.json	984	2	0	0	0	0	0	0	1	3	0	0	0	0	0	0	0	0	0	0	8	3	0	0	0	0	0	0	0
fsh-generated/resources/Organization-man-173fde4cb6b1018cb7ec8ab708d3961c.json	950	1	0	0	0	0	0	0	0	3	0	0	0	0	0	0	0	0	0	0	11	3	0	0	0	0	0	0	0
fsh-generated/resources/Organization-man-174ad598bd1faddba2098648a45613e1.json	996	2	0	0	0	0	0	0	0	4	0	0	0	0	0	0	0	0	0	0	8	3	0	0	0	0	0	0	0
fsh-generated/resources/Organization-man-4bb7a752921434fd5f9921b5b9473eda.json	946	1	1	0	0	0	0	0	0	3	0	0	0	0	0	0	0	0	0	0	8	3	0	0	0	0	0	0	0
fsh-generated/resources/Organization-man-e3ef26dd2c7a0847d92d3bb1a64855b9.json	964	2	0	0	0	0	0	0	0	3	0	0	0	0	0	0	0	0	0	0	8	3	0	0	0	0	0	0	0
fsh-generated/resources/Organization-mapi-6f4987de7be1bbfa4ee92c07de7e94d4.json	1006	2	0	0	0	0	0	0	0	4	0	0	0	0	0	0	0	0	0	0	8	3	0	0	0	0	0	0	0
fsh-generated/resources/Organization-mra-1133a7374c78f1d40f41885344f06a5a.json	1026	1	0	0	0	0	0	0	0	3	0	0	0	0	0	0	0	0	0	0	8	3	0	0	0	0	0	0	0
fsh-generated/resources/Organization-mra-7c9b97127f73ff3605a10eb1c2cc24d1.json	1026	2	0	0	0	0	0	0	0	4	0	0	0	0	0	0	0	0	0	0	8	4	0	0	0	0	0	0	0
fsh-generated/resources/Organization-mra-e3da03c458d6c0f3c5f1c39a2c6a1084.json	1017	2	0	0	0	0	0	0	0	3	0	0	0	0	0	0	0	0	0	0	7	3	0	0	0	0	0	0	0
fsh-generated/resources/Organization-mra-ff74c5498eb163c2fb470e9fd175a0c1.json	1025	1	0	0	0	0	0	0	0	3	0	0	0	0	0	0	0	0	0	0	10	3	0	0	0	0	0	0	0
fsh-generated/resources/PackagedProductDefinition-ppd-03a3a81da9e0b9a5bb33d75251bb5234.json	2638	2	0	0	0	0	0	0	0	9	0	0	0	0	0	0	0	0	0	0	14	7	0	0	0	0	0	0	0
fsh-generated/resources/PackagedProductDefinition-ppd-1618faf0346b4539ed1e3d6b23353e60.json	2475	2	1	0	0	0	0	0	0	8	0	0	0	0	0	0	0	0	0	0	14	6	0	0	0	0	0	0	1
fsh-generated/resources/PackagedProductDefinition-ppd-1f1356f6a8c19d66c5c3f4e40da7536c.json	2477	2	0	0	0	0	0	0	0	8	0	0	0	0	0	0	0	0	0	0	14	9	0	0	0	0	0	0	0
fsh-generated/resources/PackagedProductDefinition-ppd-2977a2afce16a0bd914b8d242dd126b5.json	2476	2	0	0	0	0	0	0	0	9	0	0	0	0	0	0	0	1	0	0	13	5	0	0	0	0	0	0	0
fsh-generated/resources/PackagedProductDefinition-ppd-2f26bab76fe91bd9c2223496b450fc96.json	1398	2	0	0	0	0	0	0	0	5	0	0	0	0	0	0	0	0	0	0	11	5	0	0	0	0	0	0	0
fsh-generated/resources/PackagedProductDefinition-ppd-352d83277f894aa6147981b6a4f36c07.json	2472	2	0	0	0	0	0	0	0	8	0	0	0	0	0	0	0	0	0	0	13	5	0	0	0	0	0	0	0
fsh-generated/resources/PackagedProductDefinition-ppd-4ac56d6ecc2aa4ab4110553333662248.json	2368	2	1	0	0	0	0	0	0	8	0	0	0	0	0	0	0	0	0	0	14	6	0	0	0	0	0	0	0
fsh-generated/resources/PackagedProductDefinition-ppd-4dcf3cdcbbee40871876a3bcfe95984d.json	2498	1	0	0	0	0	0	0	1	8	0	0	0	0	0	0	0	0	0	0	13	37	0	0	0	0	0	0	0
fsh-generated/resources/PackagedProductDefinition-ppd-515e8ffbb9f74e0d03d7ec46f9b79d8f.json	2525	2	0	0	0	0	0	0	0	8	0	0	0	0	0	0	0	0	0	0	16	5	0	0	0	0	0	0	0
fsh-generated/resources/PackagedProductDefinition-ppd-51ddf55f89e2cd74ee3392c14c809976.json	2500	2	0	0	0	0	0	0	0	7	0	0	0	0	0	0	0	0	0	0	14	5	0	0	0	0	0	0	0
fsh-generated/resources/PackagedProductDefinition-ppd-533038a0a634e664ced4f999f6a95f85.json	2200	2	0	0	0	0	0	0	0	8	0	0	0	0	0	0	0	0	0	0	12	6	0	0	0	0	0	0	0
fsh-generated/resources/PackagedProductDefinition-ppd-5763619e2b501aeeab53677bd09d5cbf.json	2581	2	1	0	0	0	0	0	0	9	0	0	0	0	0	0	0	0	0	0	15	5	0	0	0	0	0	0	0
fsh-generated/resources/PackagedProductDefinition-ppd-5a560e54e674db16fdd59f328eff5f5a.json	2370	1	0	0	0	0	0	0	0	8	0	0	0	0	0	0	0	0	0	0	13	6	0	0	0	0	0	0	0
fsh-generated/resources/PackagedProductDefinition-ppd-660f3150e2ccfb088d576c1767f7fe95.json	2336	3	0	0	0	0	0	0	0	7	0	0	0	0	0	0	0	0	0	0	13	5	0	0	0	0	0	0	0
fsh-generated/resources/PackagedProductDefinition-ppd-6b96042e191f6f2105954b57d9ea5780.json	2502	1	0	0	0	0	0	0	0	8	0	0	0	0	0	0	0	0	0	0	15	5	0	0	0	0	0	0	0
fsh-generated/resources/PackagedProductDefinition-ppd-6d93344139a7793e7b9bd0f5e32b6c91.json	2440	2	0	0	0	0	0	0	0	7	0	0	0	0	0	0	0	0	0	0	15	5	0	0	0	0	0	0	0
fsh-generated/resources/PackagedProductDefinition-ppd-740c0d6d7605c10cb166cd0ee16908f9.json	2510	2	1	0	0	0	0	0	0	8	0	0	0	0	0	0	0	0	0	0	14	5	0	0	0	0	0	0	0
fsh-generated/resources/PackagedProductDefinition-ppd-8cd75434ddd15aca2f0bc2efe5d26afe.json	2252	2	0	0	0	0	0	0	0	6	0	0	0	0	0	0	0	0	0	0	13	5	0	0	0	0	0	0	0
fsh-generated/resources/PackagedProductDefinition-ppd-951de5ac0ea34819d959a1b4321a915b.json	2458	3	0	0	0	0	0	0	0	8	0	0	0	0	0	0	0	0	0	0	14	8	0	0	0	0	0	0	0
fsh-generated/resources/PackagedProductDefinition-ppd-9b1d5d261d22694685deb35714ec08ea.json	2581	4	0	0	0	0	0	0	0	9	0	0	0	0	0	0	0	0	0	0	14	11	0	0	0	0	0	0	0
fsh-generated/resources/PackagedProductDefinition-ppd-a854b6fee6a8536c78c604a4b9f6c395.json	2414	3	0	0	0	0	0	0	0	8	0	0	0	0	0	0	0	0	0	0	14	10	0	0	0	0	0	0	0
fsh-generated/resources/PackagedProductDefinition-ppd-c46dbb6b3c5d5b6e1f1f6020e6af1b5e.json	2460	2	1	0	0	0	0	0	0	8	0	0	0	0	0	0	0	0	0	0	14	7	0	0	0	0	0	0	0
fsh-generated/resources/PackagedProductDefinition-ppd-d91b269b209aaa5538a1bfafd1a7434d.json	2581	2	0	0	0	0	0	0	0	10	0	0	0	0	0	0	0	0	0	0	15	6	0	0	0	0	0	0	0
fsh-generated/resources/PackagedProductDefinition-ppd-dd9288188d1a45ddbbe2e5d930862d7f.json	2491	2	0	0	0	0	0	0	0	8	0	0	0	0	0	0	0	0	0	0	14	6	0	0	0	0	0	0	0
fsh-generated/resources/PackagedProductDefinition-ppd-e34e4b65abd3fd8e667db05606cc25a9.json	2440	2	0	0	0	0	0	0	0	7	0	0	0	0	0	0	0	0	0	0	14	5	0	0	0	0	0	0	0
fsh-generated/resources/PackagedProductDefinition-ppd-e7c391536e9fc6ff50198d09558da8c0.json	2508	2	0	0	0	0	0	0	0	8	0	0	0	0	0	0	0	0	0	0	13	5	0	0	0	0	0	0	0
fsh-generated/resources/PackagedProductDefinition-ppd-eac96261823092966bc3d7659feb5d7a.json	2473	1	1	0	0	0	0	0	0	8	0	0	0	0	0	0	0	0	0	0	14	5	0	0	0	0	0	0	0
fsh-generated/resources/PackagedProductDefinition-ppd-ee8bd93e975dcd04f4824ba8d24a8944.json	2481	2	0	0	0	0	0	0	0	8	0	0	0	0	0	0	0	0	0	0	13	6	0	0	0	0	0	0	0
fsh-generated/resources/PackagedProductDefinition-ppd-f1cc049dd00785b744b0e0fb928c8569.json	2517	2	0	0	0	0	0	0	0	8	0	0	0	0	0	0	0	0	0	0	16	5	0	0	0	0	0	0	0
fsh-generated/resources/PackagedProductDefinition-ppd-f22a97fafd26aa7001d9fe6a30afa7b2.json	2198	2	0	0	0	0	0	0	0	8	0	0	0	0	0	0	0	0	0	0	13	6	0	0	0	0	0	0	0
fsh-generated/resources/PackagedProductDefinition-ppd-f3f2f89544dfc5d20216861bcf90c0c5.json	2581	2	0	0	0	0	0	0	1	9	0	0	0	0	0	0	0	0	0	0	17	6	0	0	0	0	0	0	0
fsh-generated/resources/PackagedProductDefinition-ppd-f75e85a736ba2c6abc7778f42f422723.json	2486	1	1	0	0	0	0	0	0	8	0	0	0	0	0	0	0	0	0	0	17	5	0	0	0	0	0	0	0
fsh-generated/resources/Questionnaire-Questionnaire-example.json	16649	6	0	0	0	0	0	0	0	27	0	0	0	0	0	0	0	0	0	0	144	18	0	0	0	0	2	0	0
fsh-generated/resources/QuestionnaireResponse-QuestionnaireResponse-example.json	5562	3	0	0	0	0	0	0	0	35	0	0	0	0	0	0	0	0	0	0	92	6	0	0	0	0	0	0	0
fsh-generated/resources/RegulatedAuthorization-authorization04c9bd6fb89d38b2d83eced2460c4dc10.json	986	2	0	0	0	0	0	0	1	6	0	0	0	0	0	0	0	0	0	0	9	6	0	0	0	0	0	0	0
fsh-generated/resources/RegulatedAuthorization-authorization08ac066220d4d68a3933a9c94bef32ff0.json	976	2	0	0	0	0	0	0	0	5	0	0	0	0	0	0	0	0	0	0	9	4	0	0	0	0	0	0	0
fsh-generated/resources/RegulatedAuthorization-authorization1a7318638ddbbeb084ef416e717b6fdb0.json	975	1	1	0	0	0	0	0	0	5	0	0	0	0	0	0	0	0	0	0	11	5	0	0	0	0	0	0	0
fsh-generated/resources/RegulatedAuthorization-authorization29436a85dac3ea374adb3fa64cfd25780.json	975	2	0	0	0	0	0	0	0	9	0	0	0	0	0	0	0	0	0	0	9	4	0	0	0	0	0	0	0
fsh-generated/resources/RegulatedAuthorization-authorization2f37d696067eeb6daf1111cfc32726720.json	976	2	0	0	0	0	0	0	0	8	0	0	0	0	0	0	0	0	0	0	10	4	0	0	0	0	0	0	0
fsh-generated/resources/RegulatedAuthorization-authorization49178f16170ee8a6bc2a4361c1748d5f0.json	1087	1	0	0	0	0	0	0	0	4	0	0	0	0	0	0	0	0	0	0	10	5	0	0	0	0	0	0	0
fsh-generated/resources/RegulatedAuthorization-authorization4fab126d28f65a1084e7b50a232003630.json	985	2	0	0	0	0	0	0	0	4	0	0	0	0	0	0	0	0	0	0	10	4	0	0	0	0	0	0	0
fsh-generated/resources/RegulatedAuthorization-authorization5af3df1132d20d744a88dab06e924e5e0.json	996	1	1	0	0	0	0	0	0	4	0	0	0	0	0	0	0	0	0	0	10	5	0	0	0	0	0	0	0
fsh-generated/resources/RegulatedAuthorization-authorization635d47ee543a5a9e15fcd321ee5fe6bb0.json	996	2	0	0	0	0	0	0	0	5	0	0	0	0	0	0	0	0	0	0	9	4	0	0	0	0	0	0	0
fsh-generated/resources/RegulatedAuthorization-authorization635d47ee543a5a9e15fcd321ee5fe6bb1.json	996	2	0	0	0	0	0	0	0	4	0	0	0	0	0	0	0	0	0	0	10	5	0	0	0	0	0	0	0
fsh-generated/resources/RegulatedAuthorization-authorization660952efa1b907b97e182807063ac2610.json	985	1	0	0	0	0	0	0	0	4	0	0	0	0	0	0	0	0	0	0	10	4	0	0	0	0	0	0	0
fsh-generated/resources/RegulatedAuthorization-authorization6a3c9768548036f502739419bacb24820.json	996	2	1	0	0	0	0	0	0	4	0	0	0	0	0	0	0	0	0	0	9	4	0	0	0	0	0	0	0
fsh-generated/resources/RegulatedAuthorization-authorization7f657b63823319aa7da7d2c5939e39e50.json	995	1	0	0	0	0	0	0	0	4	0	0	0	0	0	0	0	0	0	0	10	5	0	0	0	0	0	0	0
fsh-generated/resources/RegulatedAuthorization-authorization865e1b5617e6fb0d453cc2f7cf87d4410.json	995	2	0	0	0	0	0	0	0	4	0	0	0	0	0	0	0	0	0	0	11	4	0	0	0	0	0	0	0
fsh-generated/resources/RegulatedAuthorization-authorization925dad38f0afbba36223a82b3a7664380.json	975	2	0	0	0	0	0	0	0	4	0	0	0	0	0	0	0	0	0	0	9	4	0	0	0	0	0	0	0
fsh-generated/resources/RegulatedAuthorization-authorization94a96e39cfdcd8b378d12dd4063065f90.json	1087	1	0	0	0	0	0	0	0	4	0	0	0	0	0	0	0	0	0	0	10	5	0	0	0	0	0	0	0
fsh-generated/resources/RegulatedAuthorization-authorization9b5b17469311c2ea4d1d08419748b4fb0.json	985	2	1	0	0	0	0	0	0	4	0	0	0	0	0	0	0	1	0	0	9	5	0	0	0	0	0	0	0
fsh-generated/resources/RegulatedAuthorization-authorizationa38f06714db0c27b2ba704652e3f08c50.json	995	1	0	0	0	0	0	0	0	4	0	0	0	0	0	0	0	0	0	0	9	4	0	0	0	0	0	0	0
fsh-generated/resources/RegulatedAuthorization-authorizationaf1953635c28668e0d454e0740fcb36f0.json	989	2	0	0	0	0	0	0	0	4	0	0	0	0	0	0	0	0	0	0	9	4	0	0	0	0	0	0	0
fsh-generated/resources/RegulatedAuthorization-authorizationb5a6ac2496348cb06663deb81c55cb370.json	993	2	0	0	0	0	0	0	0	4	0	0	0	0	0	0	0	0	0	0	9	4	0	0	0	0	0	0	0
fsh-generated/resources/RegulatedAuthorization-authorizationda0fc2395ce219262dfd4f0c9a9f72e10.json	976	1	0	0	0	0	0	0	0	4	0	0	0	0	0	0	0	0	0	0	9	5	0	0	0	0	0	0	0
fsh-generated/resources/RegulatedAuthorization-authorizationdcaa4d32aa6658a8df831551503e52ee0.json	996	2	1	0	0	0	0	0	0	4	0	0	0	0	0	0	0	0	0	0	9	7	0	0	0	0	0	0	0
fsh-generated/resources/RegulatedAuthorization-authorizationdcaa4d32aa6658a8df831551503e52ee1.json	996	2	0	0	0	0	0	0	0	3	0	0	0	0	0	0	0	0	0	0	9	4	0	0	0	0	0	0	0
fsh-generated/resources/RegulatedAuthorization-authorizationdcaa4d32aa6658a8df831551503e52ee2.json	996	1	0	0	0	0	0	0	0	4	0	0	0	0	0	0	0	0	0	0	9	4	0	0	0	0	0	0	0
fsh-generated/resources/RegulatedAuthorization-authorizationdcaa4d32aa6658a8df831551503e52ee3.json	996	2	0	0	0	0	0	0	0	4	0	0	0	0	0	0	0	0	0	0	9	5	0	0	0	0	0	0	0
fsh-generated/resources/RegulatedAuthorization-authorizatione0d9ad275c19f6e91c9365529421d5a80.json	986	2	1	0	0	0	0	0	0	4	0	0	0	0	0	0	0	0	0	0	10	4	0	0	0	0	0	0	0
fsh-generated/resources/RegulatedAuthorization-authorizatione2464a7d3d627b9df9bef5bc3b263fb40.json	997	1	0	0	0	0	0	0	1	4	0	0	0	0	0	0	0	0	0	0	9	4	0	0	0	0	0	0	0
fsh-generated/resources/RegulatedAuthorization-authorizatione2464a7d3d627b9df9bef5bc3b263fb41.json	997	2	0	0	0	0	0	0	0	3	0	0	0	0	0	0	0	0	0	0	9	4	0	0	0	0	0	0	0
fsh-generated/resources/RegulatedAuthorization-authorizatione2464a7d3d627b9df9bef5bc3b263fb42.json	1088	1	0	0	0	0	0	0	0	5	0	0	0	0	0	0	0	0	0	0	10	5	0	0	0	0	0	0	0
fsh-generated/resources/RegulatedAuthorization-authorizatione3e5e78d4e002ed9e15b925cd546e20b0.json	1076	2	0	0	1	0	0	0	0	4	0	0	0	0	0	0	0	0	0	0	11	5	0	0	0	0	0	0	0
fsh-generated/resources/RegulatedAuthorization-authorizatione762a2f54b0b24fca4744b1bb7524a5b0.json	976	2	1	0	0	0	0	0	0	4	0	0	0	0	0	0	0	0	0	0	10	5	0	0	0	0	0	0	0
fsh-generated/resources/StructureDefinition-ASM.json	3861	4	0	0	0	0	0	53	0	24	0	0	1	0	0	0	0	1	0	0	358	1670	0	0	0	0	9	0	1
fsh-generated/resources/StructureDefinition-HtmlElementLink.json	2613	3	0	0	0	0	0	15	0	9	0	0	0	0	0	0	0	0	0	0	106	193	0	0	0	0	2	0	0
fsh-generated/resources/StructureDefinition-HtmlElementLinkV3.json	2791	2	0	0	0	0	0	17	0	9	0	0	0	0	0	0	0	1	0	0	104	162	0	0	0	0	2	0	1
fsh-generated/resources/StructureDefinition-Lenses.json	1590	2	0	0	0	0	0	11	0	4	0	0	0	0	0	0	0	0	0	0	45	99	0	0	0	0	2	0	0
fsh-generated/resources/StructureDefinition-digital-literacy.json	2778	2	0	0	0	0	0	81	0	85	0	0	0	0	0	0	0	1	0	0	304	651	0	0	0	0	7	0	0
fsh-generated/resources/StructureDefinition-health-literacy.json	2773	3	1	0	0	0	0	48	0	17	0	0	1	0	0	0	0	1	0	0	308	594	0	0	0	0	7	0	1
fsh-generated/resources/StructureDefinition-lens.json	3311	2	0	0	0	0	0	44	0	10	0	0	1	0	0	0	0	1	0	0	224	383	0	0	0	0	5	0	1
fsh-generated/resources/StructureDefinition-persona-collection.json	1523	2	0	0	0	0	0	84	0	7	0	0	0	0	0	0	0	0	0	0	212	437	0	0	0	1	5	0	0
fsh-generated/resources/SubstanceDefinition-substance-adalimumab.json	709	2	0	0	0	0	0	0	0	5	0	0	0	0	0	0	0	0	0	0	9	9	0	0	0	0	0	0	0
fsh-generated/resources/SubstanceDefinition-substance-ascorbicacid.json	620	1	0	0	0	0	0	0	0	2	0	0	0	0	0	0	0	0	0	0	8	6	0	0	0	0	0	0	0
fsh-generated/resources/SubstanceDefinition-substance-calciumcarbonate.json	1123	2	1	0	0	0	0	0	0	5	0	0	0	0	0	0	0	0	0	0	10	7	0	0	0	0	0	0	0
fsh-generated/resources/SubstanceDefinition-substance-carbamazepine.json	1128	2	0	0	0	0	0	0	0	6	0	0	0	0	0	0	0	0	0	0	10	7	0	0	0	0	0	0	0
fsh-generated/resources/SubstanceDefinition-substance-cinitapride.json	1174	2	0	0	0	0	0	0	0	5	0	0	0	0	0	0	0	0	0	0	10	8	0	0	0	0	0	0	0
fsh-generated/resources/SubstanceDefinition-substance-dimethylfumarate.json	1282	1	0	0	0	0	0	0	0	5	0	0	0	0	0	0	0	0	0	0	12	10	0	0	0	0	0	0	0
fsh-generated/resources/SubstanceDefinition-substance-dolutegravirsodium.json	1277	2	0	0	0	0	0	0	0	5	0	0	0	0	0	0	0	0	0	0	11	8	0	0	0	0	0	0	0
fsh-generated/resources/SubstanceDefinition-substance-etanercept.json	618	2	1	0	0	0	0	0	0	3	0	0	0	0	0	0	0	0	0	0	8	8	0	0	0	0	0	0	0
fsh-generated/resources/SubstanceDefinition-substance-hypericumperforatumwhole.json	1113	2	0	0	0	0	0	0	0	5	0	0	0	0	0	0	0	0	0	0	11	8	0	0	0	0	0	0	0
fsh-generated/resources/SubstanceDefinition-substance-ibuprofen.json	617	1	0	0	0	0	0	0	0	2	0	0	0	0	0	0	0	0	0	0	7	8	0	0	0	0	0	0	0
fsh-generated/resources/SubstanceDefinition-substance-infliximab.json	1117	2	0	0	0	0	0	0	0	5	0	0	0	0	0	0	0	1	0	0	11	8	0	0	0	0	0	0	0
fsh-generated/resources/SubstanceDefinition-substance-influenzaavirusadarwin112021h3n2whole.json	645	1	1	0	0	0	0	0	0	2	0	0	0	0	0	0	0	0	0	0	8	8	0	0	0	0	0	0	0
fsh-generated/resources/SubstanceDefinition-substance-influenzaavirusadelaware552019cvr45h1n1whole.json	672	2	0	0	0	0	0	0	0	3	0	0	0	0	0	0	0	0	0	0	9	9	0	0	0	0	0	0	0
fsh-generated/resources/SubstanceDefinition-substance-influenzabvirusbsingaporeinftt1606102016whole.json	653	1	0	0	0	0	0	0	0	2	0	0	0	0	0	0	0	0	0	0	8	9	0	0	0	0	0	0	0
fsh-generated/resources/SubstanceDefinition-substance-influenzabvirusbsingaporewuh46182021whole.json	649	2	0	0	0	0	0	0	0	3	0	0	0	0	0	0	0	0	0	0	7	9	0	0	0	0	0	0	0
fsh-generated/resources/SubstanceDefinition-substance-insulinglargine.json	623	2	1	0	0	0	0	0	0	2	0	0	0	0	0	0	0	0	0	0	8	9	0	0	0	0	0	0	0
fsh-generated/resources/SubstanceDefinition-substance-insulinlispro.json	803	1	0	0	0	0	0	0	0	4	0	0	0	0	0	0	0	0	0	0	9	8	0	0	0	0	0	0	0
fsh-generated/resources/SubstanceDefinition-substance-irbesartan.json	1282	2	0	0	0	0	0	0	0	5	0	0	0	0	0	0	0	0	0	0	11	9	0	0	0	0	0	0	0
fsh-generated/resources/SubstanceDefinition-substance-lamivudine.json	1152	2	0	0	0	0	0	0	0	6	0	0	0	0	0	0	0	0	0	0	13	9	0	0	0	0	0	0	0
fsh-generated/resources/SubstanceDefinition-substance-lixisenatide.json	620	1	0	0	0	0	0	0	0	2	0	0	0	0	0	0	0	0	0	0	7	8	0	0	0	0	0	0	0
fsh-generated/resources/SubstanceDefinition-substance-magnesium.json	617	2	1	0	0	0	0	0	0	2	0	0	0	0	0	0	0	0	0	0	7	7	0	0	0	0	0	0	0
fsh-generated/resources/SubstanceDefinition-substance-mesalamine.json	1117	1	0	0	0	0	0	0	0	5	0	0	0	0	0	0	0	0	0	0	11	7	0	0	0	0	0	0	0
fsh-generated/resources/SubstanceDefinition-substance-mirtazapine.json	1162	2	0	0	0	0	0	0	1	6	0	0	0	0	0	0	0	0	0	0	12	8	0	0	0	0	0	0	0
fsh-generated/resources/SubstanceDefinition-substance-orlistat.json	1189	2	0	0	0	0	0	0	0	5	0	0	0	0	0	0	0	0	0	0	11	9	0	0	0	0	0	0	0
fsh-generated/resources/SubstanceDefinition-substance-paracetamol.json	1110	1	0	0	0	0	0	0	0	5	0	0	0	0	0	0	0	0	0	0	10	8	0	0	0	0	0	0	0
fsh-generated/resources/SubstanceDefinition-substance-simvastatin.json	619	2	1	0	0	0	0	0	0	2	0	0	0	0	0	0	0	0	0	0	8	8	0	0	0	0	0	0	0
fsh-generated/resources/SubstanceDefinition-substance-soyprotein.json	618	1	0	0	0	0	0	0	0	3	0	0	0	0	0	0	0	0	0	0	7	8	0	0	0	0	0	0	0
fsh-generated/resources/SubstanceDefinition-substance-trastuzumab.json	619	2	0	0	0	0	0	0	0	2	0	0	0	0	0	0	0	0	0	0	8	7	0	0	0	0	0	0	0
fsh-generated/resources/ValueSet-3point-category-vs.json	532	4	0	0	0	0	0	0	0	65	0	0	0	0	0	0	0	0	0	0	9	1847	0	0	0	0	0	0	0
fsh-generated/resources/ValueSet-PDcategoryVS.json	178	1	0	0	0	0	0	0	0	1	0	0	0	0	0	0	0	0	0	0	6	37	0	0	0	0	0	0	0
fsh-generated/resources/ValueSet-PDtypeVS.json	306	2	0	0	0	0	0	0	0	1	0	0	0	0	0	0	0	0	0	0	7	54	0	0	0	0	0	0	0
input/resources/32284.xml	259245	58	1	0	0	0	0	0	0	70	0	0	0	0	0	0	0	0	0	0	650	217	0	0	0	0	0	0	0
input/resources/37127.xml	476673	83	0	0	0	0	0	0	0	33	0	0	0	0	0	0	0	0	0	0	1219	89	0	0	0	0	0	0	0
input/resources/37144.xml	325728	51	0	0	0	0	0	0	1	42	0	0	0	0	0	0	0	1	0	0	811	57	0	0	0	0	0	0	0
input/resources/37796.xml	516436	49	0	0	0	0	0	0	0	40	0	0	0	0	0	0	0	0	0	0	1279	55	0	0	0	0	0	0	0
input/resources/37812.xml	410338	66	0	0	0	0	0	0	0	31	0	0	0	0	0	0	0	0	0	0	1029	67	0	0	0	0	0	0	0
input/resources/39570.xml	47091	15	1	0	0	0	0	0	0	17	0	0	0	0	0	0	0	0	0	0	129	23	0	0	0	0	0	0	1
input/resources/39664.xml	34347	11	0	0	0	0	0	0	0	5	0	0	0	0	0	0	0	0	0	0	87	13	0	0	0	0	0	0	0
input/resources/40274.xml	252818	21	0	0	0	0	0	0	1	16	0	0	0	0	0	0	0	0	0	0	629	38	0	0	0	0	0	0	0
input/resources/40703.xml	66042	17	0	0	0	0	0	0	0	6	0	0	0	0	0	0	0	0	0	0	162	17	0	0	0	0	0	0	0
input/resources/40963.xml	28157	10	0	0	0	0	0	0	0	5	0	0	0	0	0	0	0	0	0	0	69	12	0	0	0	0	0	0	0
input/resources/47204.xml	28866	11	0	0	0	0	0	0	0	14	0	0	0	0	0	0	0	0	0	0	106	18	0	0	0	0	0	0	0
input/resources/47338.xml	27868	11	0	0	0	0	0	0	0	10	0	0	0	0	0	0	0	0	0	0	71	16	0	0	0	0	0	0	0
input/resources/545701-ny.xml	45856	17	0	0	0	0	0	0	1	11	0	0	0	0	0	0	0	1	0	0	104	18	0	0	0	0	0	0	0
input/resources/545731-ny.xml	51793	18	0	0	0	0	0	0	0	10	0	0	0	0	0	0	0	0	0	0	119	21	0	0	0	0	0	0	0
input/resources/545786-ny.xml	199006	22	1	0	0	0	0	0	0	23	0	0	0	0	0	0	0	0	0	0	490	42	0	0	0	0	0	0	0
input/resources/545787-ny.xml	86317	18	0	0	0	0	0	0	1	19	0	0	0	0	0	0	0	0	0	0	211	30	0	0	0	0	0	0	0
input/resources/545806-ny.xml	128085	23	0	0	0	0	0	0	0	14	0	0	0	0	0	0	0	0	0	0	347	31	0	0	0	0	0	0	0
input/resources/545852-ny.xml	44972	18	1	0	0	0	0	0	0	13	0	0	0	0	0	0	0	0	0	0	105	22	0	0	0	0	0	0	0
input/resources/546114-ny.xml	582306	38	1	0	0	0	0	0	1	32	0	0	0	0	0	0	0	0	0	0	1444	84	0	0	0	0	0	0	0
input/resources/546405-ny.xml	39073	18	0	0	0	0	0	0	0	13	0	0	0	0	0	0	0	0	0	0	89	12	0	0	0	0	0	0	1
input/resources/546406-ny.xml	39464	18	0	0	0	0	0	0	1	13	0	0	0	0	0	0	0	0	0	0	93	12	0	0	0	0	0	0	0
input/resources/546487-ny.xml	43446	16	0	0	0	0	0	0	0	23	0	0	0	0	0	0	0	1	0	0	107	24	0	0	0	0	0	0	0
input/resources/58843.xml	25575	12	0	0	0	0	0	0	0	13	0	0	0	0	0	0	0	0	0	0	67	10	0	0	0	0	0	0	0
input/resources/60041.xml	147976	17	1	0	0	0	0	0	0	21	0	0	0	0	0	0	0	0	0	0	370	19	0	0	0	0	0	0	0
input/resources/66447.xml	576908	31	0	0	0	0	0	0	1	30	0	0	0	0	0	0	0	0	0	0	1436	153	0	0	0	0	0	0	0
input/resources/66491.xml	567897	32	0	0	0	0	0	0	0	31	0	0	0	0	0	0	0	0	0	0	1411	65	0	0	0	0	0	0	0
input/resources/82671.xml	69668	16	0	0	0	0	0	0	0	16	0	0	0	0	0	0	0	0	0	0	177	15	0	0	0	0	0	0	0
input/resources/85746.xml	34284	14	0	0	0	0	0	0	0	27	0	0	0	0	0	0	0	0	0	0	99	18	0	0	0	0	0	0	0
input/resources/86169.xml	41434	12	0	0	0	0	0	0	1	24	0	0	0	0	0	0	0	0	0	0	124	24	0	0	0	0	0	0	0
input/resources/96760.xml	29585	11	1	0	0	0	0	0	0	11	0	0	0	0	0	0	0	0	0	0	76	10	0	0	0	0	0	0	0
input/resources/Bundle-epi-ibrance-tablets-test.xml	2266957	245	0	0	0	0	0	0	3	597	0	0	0	0	0	0	0	1	0	0	5880	350	0	0	0	0	0	0	1
input/resources/UK-epi-preview-Methotrexate 2.5 mg Tablets.json	98686	22	0	0	0	0	0	0	0	139	0	0	0	0	0	0	0	0	0	0	253	45	0	0	0	0	0	0	0
